Name;Station;Time;Mean_temp
Fv17 Rødhammer;SN72200;2019-01-01;1.2
Fv17 Rødhammer;SN72200;2019-01-02;-0.6
Fv17 Rødhammer;SN72200;2019-01-03;3.7
Fv17 Rødhammer;SN72200;2019-01-04;5.3
Fv17 Rødhammer;SN72200;2019-01-05;1.6
Fv17 Rødhammer;SN72200;2019-01-06;3.4
Fv17 Rødhammer;SN72200;2019-01-07;-0.4
Fv17 Rødhammer;SN72200;2019-01-08;-1.1
Fv17 Rødhammer;SN72200;2019-01-09;-2
Fv17 Rødhammer;SN72200;2019-01-10;2.6
Fv17 Rødhammer;SN72200;2019-01-11;1.4
Fv17 Rødhammer;SN72200;2019-01-12;-1.3
Fv17 Rødhammer;SN72200;2019-01-13;-2.5
Fv17 Rødhammer;SN72200;2019-01-14;-2.3
Fv17 Rødhammer;SN72200;2019-01-15;-8
Fv17 Rødhammer;SN72200;2019-01-16;-11.1
Fv17 Rødhammer;SN72200;2019-01-17;-7.9
Fv17 Rødhammer;SN72200;2019-01-20;-8.6
Fv17 Rødhammer;SN72200;2019-01-21;-15.7
Fv17 Rødhammer;SN72200;2019-01-22;-15.5
Fv17 Rødhammer;SN72200;2019-01-23;-19.1
Fv17 Rødhammer;SN72200;2019-01-24;-10.5
Fv17 Rødhammer;SN72200;2019-01-25;-10.8
Fv17 Rødhammer;SN72200;2019-01-26;-6.5
Fv17 Rødhammer;SN72200;2019-01-27;-9.2
Fv17 Rødhammer;SN72200;2019-01-28;-13.9
Fv17 Rødhammer;SN72200;2019-01-29;-13.3
Fv17 Rødhammer;SN72200;2019-01-31;-13.5
Fv17 Rødhammer;SN72200;2019-02-01;-6.4
Fv17 Rødhammer;SN72200;2019-02-02;-8.1
Fv17 Rødhammer;SN72200;2019-02-03;-12.3
Fv17 Rødhammer;SN72200;2019-02-04;-10
Fv17 Rødhammer;SN72200;2019-02-05;-14.4
Fv17 Rødhammer;SN72200;2019-02-06;-10
Fv17 Rødhammer;SN72200;2019-02-07;-3
Fv17 Rødhammer;SN72200;2019-02-08;-4.2
Fv17 Rødhammer;SN72200;2019-02-09;-3.5
Fv17 Rødhammer;SN72200;2019-02-10;-3.3
Fv17 Rødhammer;SN72200;2019-02-11;-2.3
Fv17 Rødhammer;SN72200;2019-02-12;-1.3
Fv17 Rødhammer;SN72200;2019-02-16;3.1
Fv17 Rødhammer;SN72200;2019-02-17;-0.7
Fv17 Rødhammer;SN72200;2019-02-18;-0.2
Fv17 Rødhammer;SN72200;2019-02-19;0.8
Fv17 Rødhammer;SN72200;2019-02-20;-1.7
Fv17 Rødhammer;SN72200;2019-02-21;-2.1
Fv17 Rødhammer;SN72200;2019-02-22;0.1
Fv17 Rødhammer;SN72200;2019-02-23;3.1
Fv17 Rødhammer;SN72200;2019-02-24;4.5
Fv17 Rødhammer;SN72200;2019-02-25;5.6
Fv17 Rødhammer;SN72200;2019-02-26;4.9
Fv17 Rødhammer;SN72200;2019-02-27;4.6
Fv17 Rødhammer;SN72200;2019-02-28;1.1
Fv17 Rødhammer;SN72200;2019-03-01;-0.4
Fv17 Rødhammer;SN72200;2019-03-02;-0.2
Fv17 Rødhammer;SN72200;2019-03-03;-3.7
Fv17 Rødhammer;SN72200;2019-03-04;-7
Fv17 Rødhammer;SN72200;2019-03-05;-12
Fv17 Rødhammer;SN72200;2019-03-06;-12.7
Fv17 Rødhammer;SN72200;2019-03-07;-9.6
Fv17 Rødhammer;SN72200;2019-03-08;-4
Fv17 Rødhammer;SN72200;2019-03-09;-6.8
Fv17 Rødhammer;SN72200;2019-03-10;-11.2
Fv17 Rødhammer;SN72200;2019-03-11;-8.1
Fv17 Rødhammer;SN72200;2019-03-12;-7.8
Fv17 Rødhammer;SN72200;2019-03-13;-2.4
Fv17 Rødhammer;SN72200;2019-03-14;-0.8
Fv17 Rødhammer;SN72200;2019-03-15;-0.4
Fv17 Rødhammer;SN72200;2019-03-16;-0.5
Fv17 Rødhammer;SN72200;2019-03-17;-1.6
Fv17 Rødhammer;SN72200;2019-03-18;-0.5
Fv17 Rødhammer;SN72200;2019-03-19;0.5
Fv17 Rødhammer;SN72200;2019-03-20;2.3
Fv17 Rødhammer;SN72200;2019-03-21;2.4
Fv17 Rødhammer;SN72200;2019-03-22;2.6
Fv17 Rødhammer;SN72200;2019-03-23;2.3
Fv17 Rødhammer;SN72200;2019-03-24;1.2
Fv17 Rødhammer;SN72200;2019-03-25;-0.1
Fv17 Rødhammer;SN72200;2019-03-26;0.5
Fv17 Rødhammer;SN72200;2019-03-27;4.2
Fv17 Rødhammer;SN72200;2019-03-28;7.4
Fv17 Rødhammer;SN72200;2019-03-29;3.3
Fv17 Rødhammer;SN72200;2019-03-30;1.4
Fv17 Rødhammer;SN72200;2019-04-01;0.7
Fv17 Rødhammer;SN72200;2019-04-02;0
Fv17 Rødhammer;SN72200;2019-04-03;1.3
Fv17 Rødhammer;SN72200;2019-04-04;1.3
Fv17 Rødhammer;SN72200;2019-04-05;3.5
Fv17 Rødhammer;SN72200;2019-04-06;2.9
Fv17 Rødhammer;SN72200;2019-04-07;2.8
Fv17 Rødhammer;SN72200;2019-04-27;12.7
Fv17 Rødhammer;SN72200;2019-04-28;13.7
Fv17 Rødhammer;SN72200;2019-04-29;10.2
Fv17 Rødhammer;SN72200;2019-05-01;4
Fv17 Rødhammer;SN72200;2019-05-02;1.5
Fv17 Rødhammer;SN72200;2019-05-03;1.2
Fv17 Rødhammer;SN72200;2019-05-04;1.6
Fv17 Rødhammer;SN72200;2019-05-05;1.4
Fv17 Rødhammer;SN72200;2019-05-06;0.9
Fv17 Rødhammer;SN72200;2019-05-07;1.2
Fv17 Rødhammer;SN72200;2019-05-08;2.6
Fv17 Rødhammer;SN72200;2019-05-09;4.6
Fv17 Rødhammer;SN72200;2019-05-13;3.3
Fv17 Rødhammer;SN72200;2019-05-14;5.2
Fv17 Rødhammer;SN72200;2019-05-15;8.2
Fv17 Rødhammer;SN72200;2019-05-16;8.8
Fv17 Rødhammer;SN72200;2019-05-17;12.3
Fv17 Rødhammer;SN72200;2019-05-18;15.3
Fv17 Rødhammer;SN72200;2019-05-19;11.5
Fv17 Rødhammer;SN72200;2019-05-20;13.1
Fv17 Rødhammer;SN72200;2019-05-21;15.6
Fv17 Rødhammer;SN72200;2019-05-22;16.3
Fv17 Rødhammer;SN72200;2019-05-23;10.4
Fv17 Rødhammer;SN72200;2019-05-24;9.9
Fv17 Rødhammer;SN72200;2019-05-25;6.9
Fv17 Rødhammer;SN72200;2019-05-26;5.8
Fv17 Rødhammer;SN72200;2019-05-27;5.1
Fv17 Rødhammer;SN72200;2019-05-28;4.2
Fv17 Rødhammer;SN72200;2019-06-01;7.4
Fv17 Rødhammer;SN72200;2019-06-02;8.2
Fv17 Rødhammer;SN72200;2019-06-03;12.7
Fv17 Rødhammer;SN72200;2019-06-04;11.2
Fv17 Rødhammer;SN72200;2019-06-05;13.4
Fv17 Rødhammer;SN72200;2019-06-06;17.3
Fv17 Rødhammer;SN72200;2019-06-07;13.8
Fv17 Rødhammer;SN72200;2019-06-08;13.3
Fv17 Rødhammer;SN72200;2019-06-09;14.4
Fv17 Rødhammer;SN72200;2019-06-10;10.8
Fv17 Rødhammer;SN72200;2019-06-11;10
Fv17 Rødhammer;SN72200;2019-06-12;12.1
Fv17 Rødhammer;SN72200;2019-06-13;12
Fv17 Rødhammer;SN72200;2019-06-14;14
Fv17 Rødhammer;SN72200;2019-06-19;12.6
Fv17 Rødhammer;SN72200;2019-06-20;15
Fv17 Rødhammer;SN72200;2019-06-21;11.7
Fv17 Rødhammer;SN72200;2019-06-22;9.6
Fv17 Rødhammer;SN72200;2019-06-24;10.3
Fv17 Rødhammer;SN72200;2019-06-28;10.8
Fv17 Rødhammer;SN72200;2019-06-29;10
Fv17 Rødhammer;SN72200;2019-07-18;15.7
Fv17 Rødhammer;SN72200;2019-07-19;17.3
Fv17 Rødhammer;SN72200;2019-07-20;17
Fv17 Rødhammer;SN72200;2019-07-21;19.1
Fv17 Rødhammer;SN72200;2019-09-16;7.5
Fv17 Rødhammer;SN72200;2019-09-17;7.1
Fv17 Rødhammer;SN72200;2019-09-18;5.8
Fv17 Rødhammer;SN72200;2019-09-19;4.3
Fv17 Rødhammer;SN72200;2019-09-20;7.7
Fv17 Rødhammer;SN72200;2019-09-21;9.4
Fv17 Rødhammer;SN72200;2019-09-22;5.5
Fv17 Rødhammer;SN72200;2019-09-23;3.9
Fv17 Rødhammer;SN72200;2019-09-24;3.2
Fv17 Rødhammer;SN72200;2019-09-25;4
Fv17 Rødhammer;SN72200;2019-09-26;4.7
Fv17 Rødhammer;SN72200;2019-09-27;7.8
Fv17 Rødhammer;SN72200;2019-09-28;10
Fv17 Rødhammer;SN72200;2019-09-29;6.3
Fv17 Rødhammer;SN72200;2019-09-30;1.6
Fv17 Rødhammer;SN72200;2019-10-01;0.9
Fv17 Rødhammer;SN72200;2019-10-02;3
Fv17 Rødhammer;SN72200;2019-10-03;1.5
Fv17 Rødhammer;SN72200;2019-10-04;-2.1
Fv17 Rødhammer;SN72200;2019-10-05;-3.1
Fv17 Rødhammer;SN72200;2019-10-06;-1.7
Fv17 Rødhammer;SN72200;2019-10-07;1.1
Fv17 Rødhammer;SN72200;2019-10-08;1.2
Fv17 Rødhammer;SN72200;2019-10-09;3.7
Fv17 Rødhammer;SN72200;2019-10-10;-1.1
Fv17 Rødhammer;SN72200;2019-10-11;-0.3
Fv17 Rødhammer;SN72200;2019-10-12;2.1
Fv17 Rødhammer;SN72200;2019-10-13;1
Fv17 Rødhammer;SN72200;2019-10-14;-1
Fv17 Rødhammer;SN72200;2019-10-15;-1.8
Fv17 Rødhammer;SN72200;2019-10-16;-0.2
Fv17 Rødhammer;SN72200;2019-10-17;3.3
Fv17 Rødhammer;SN72200;2019-10-18;2.7
Fv17 Rødhammer;SN72200;2019-10-19;2.1
Fv17 Rødhammer;SN72200;2019-10-20;-1
Fv17 Rødhammer;SN72200;2019-10-21;0.5
Fv17 Rødhammer;SN72200;2019-10-22;5.9
Fv17 Rødhammer;SN72200;2019-10-27;1.4
Fv17 Rødhammer;SN72200;2019-10-28;0.5
Fv17 Rødhammer;SN72200;2019-10-29;1.4
Fv17 Rødhammer;SN72200;2019-10-30;2.6
Fv17 Rødhammer;SN72200;2019-10-31;1.2
Fv17 Rødhammer;SN72200;2019-11-01;0.9
Fv17 Rødhammer;SN72200;2019-11-02;-0.4
Fv17 Rødhammer;SN72200;2019-11-03;-5.6
Fv17 Rødhammer;SN72200;2019-11-04;-10.1
Fv17 Rødhammer;SN72200;2019-11-05;-12.6
Fv17 Rødhammer;SN72200;2019-11-06;-11.1
Fv17 Rødhammer;SN72200;2019-11-07;-7.8
Fv17 Rødhammer;SN72200;2019-11-08;-9.8
Fv17 Rødhammer;SN72200;2019-11-09;-14
Fv17 Rødhammer;SN72200;2019-11-10;-10.8
Fv17 Rødhammer;SN72200;2019-11-11;-9.2
Fv17 Rødhammer;SN72200;2019-11-12;-4.5
Fv17 Rødhammer;SN72200;2019-11-13;-4.9
Fv17 Rødhammer;SN72200;2019-11-14;-6.2
Fv17 Rødhammer;SN72200;2019-11-15;-4.2
Fv17 Rødhammer;SN72200;2019-11-16;-6.5
Fv17 Rødhammer;SN72200;2019-11-17;-1
Fv17 Rødhammer;SN72200;2019-11-18;-2.6
Fv17 Rødhammer;SN72200;2019-11-19;-0.5
Fv17 Rødhammer;SN72200;2019-11-20;-1.9
Fv17 Rødhammer;SN72200;2019-11-21;-5.6
Fv17 Rødhammer;SN72200;2019-11-29;-2.1
Fv17 Rødhammer;SN72200;2019-11-30;-1.9
Fv17 Rødhammer;SN72200;2019-12-01;-0.9
Fv17 Rødhammer;SN72200;2019-12-02;-2.5
Fv17 Rødhammer;SN72200;2019-12-03;2.4
Fv17 Rødhammer;SN72200;2019-12-04;4.8
Fv17 Rødhammer;SN72200;2019-12-05;1.6
Fv17 Rødhammer;SN72200;2019-12-06;1.2
Fv17 Rødhammer;SN72200;2019-12-08;-1.4
Fv17 Rødhammer;SN72200;2019-12-09;-3.7
Fv17 Rødhammer;SN72200;2019-12-10;-3
Fv17 Rødhammer;SN72200;2019-12-11;-1.8
Fv17 Rødhammer;SN72200;2019-12-12;1.9
Fv17 Rødhammer;SN72200;2019-12-13;-5.5
Fv17 Rødhammer;SN72200;2019-12-15;0.6
Fv17 Rødhammer;SN72200;2019-12-16;-4.3
Fv17 Rødhammer;SN72200;2019-12-17;-1.8
Fv17 Rødhammer;SN72200;2019-12-18;-5.5
Fv17 Rødhammer;SN72200;2019-12-19;-4.3
Fv17 Rødhammer;SN72200;2019-12-20;-5.6
Fv17 Rødhammer;SN72200;2019-12-24;-1.4
Fv17 Rødhammer;SN72200;2019-12-25;-6
Fv17 Rødhammer;SN72200;2019-12-26;-3.6
Fv17 Rødhammer;SN72200;2019-12-27;-12.4
Fv17 Rødhammer;SN72200;2019-12-28;-4.2
Fv17 Rødhammer;SN72200;2019-12-29;2.9
Fv17 Rødhammer;SN72200;2019-12-30;4.6
Fv17 Rødhammer;SN72200;2020-01-01;6
Fv17 Rødhammer;SN72200;2020-01-02;5.7
Fv17 Rødhammer;SN72200;2020-01-03;0.5
Fv17 Rødhammer;SN72200;2020-01-04;0.1
Fv17 Rødhammer;SN72200;2020-01-07;1.3
Fv17 Rødhammer;SN72200;2020-01-08;2.5
Fv17 Rødhammer;SN72200;2020-01-09;0.4
Fv17 Rødhammer;SN72200;2020-01-10;-0.4
Fv17 Rødhammer;SN72200;2020-01-11;1.2
Fv17 Rødhammer;SN72200;2020-01-16;1.8
Fv17 Rødhammer;SN72200;2020-01-17;-0.5
Fv17 Rødhammer;SN72200;2020-01-18;-3.5
Fv17 Rødhammer;SN72200;2020-01-19;2.7
Fv17 Rødhammer;SN72200;2020-01-20;6.5
Fv17 Rødhammer;SN72200;2020-01-21;2.6
Fv17 Rødhammer;SN72200;2020-01-22;1.6
Fv17 Rødhammer;SN72200;2020-01-23;3
Fv17 Rødhammer;SN72200;2020-01-24;0.2
Fv17 Rødhammer;SN72200;2020-01-25;-0.2
Fv17 Rødhammer;SN72200;2020-01-26;3.1
Fv17 Rødhammer;SN72200;2020-01-29;-3.9
Fv17 Rødhammer;SN72200;2020-01-30;-8.2
Fv17 Rødhammer;SN72200;2020-01-31;-1
Fv17 Rødhammer;SN72200;2020-02-01;0.3
Fv17 Rødhammer;SN72200;2020-02-02;1
Fv17 Rødhammer;SN72200;2020-02-03;-4.4
Fv17 Rødhammer;SN72200;2020-02-04;-6.6
Fv17 Rødhammer;SN72200;2020-02-05;0.2
Fv17 Rødhammer;SN72200;2020-02-06;-2.8
Fv17 Rødhammer;SN72200;2020-02-07;0.9
Fv17 Rødhammer;SN72200;2020-02-08;-1.5
Fv17 Rødhammer;SN72200;2020-02-09;2.7
Fv17 Rødhammer;SN72200;2020-02-10;1.6
Fv17 Rødhammer;SN72200;2020-02-11;0.2
Fv17 Rødhammer;SN72200;2020-02-12;-0.5
Fv17 Rødhammer;SN72200;2020-02-13;-1.3
Fv17 Rødhammer;SN72200;2020-02-14;-2.7
Fv17 Rødhammer;SN72200;2020-02-15;-0.1
Fv17 Rødhammer;SN72200;2020-02-16;1.5
Fv17 Rødhammer;SN72200;2020-02-17;1.4
Fv17 Rødhammer;SN72200;2020-02-18;1.6
Fv17 Rødhammer;SN72200;2020-02-19;-2.5
Fv17 Rødhammer;SN72200;2020-02-20;-2.7
Fv17 Rødhammer;SN72200;2020-02-21;2.4
Fv17 Rødhammer;SN72200;2020-02-22;1.3
Fv17 Rødhammer;SN72200;2020-02-23;0.3
Fv17 Rødhammer;SN72200;2020-02-24;-1.8
Fv17 Rødhammer;SN72200;2020-02-25;-6.2
Fv17 Rødhammer;SN72200;2020-02-26;-11.7
Fv17 Rødhammer;SN72200;2020-02-27;-7.3
Fv17 Rødhammer;SN72200;2020-02-28;-6.6
Fv17 Rødhammer;SN72200;2020-02-29;-6.1
Fv17 Rødhammer;SN72200;2020-03-01;-8.9
Fv17 Rødhammer;SN72200;2020-03-02;-4.5
Fv17 Rødhammer;SN72200;2020-03-03;-2.4
Fv17 Rødhammer;SN72200;2020-03-04;-2.5
Fv17 Rødhammer;SN72200;2020-03-05;-3.4
Fv17 Rødhammer;SN72200;2020-03-06;-0.3
Fv17 Rødhammer;SN72200;2020-03-07;-0.7
Fv17 Rødhammer;SN72200;2020-03-08;0.8
Fv17 Rødhammer;SN72200;2020-03-09;3.2
Fv17 Rødhammer;SN72200;2020-03-10;2
Fv17 Rødhammer;SN72200;2020-03-11;2.2
Fv17 Rødhammer;SN72200;2020-03-12;-0.2
Fv17 Rødhammer;SN72200;2020-03-13;-4.2
Fv17 Rødhammer;SN72200;2020-03-14;-4
Fv17 Rødhammer;SN72200;2020-03-15;0.4
Fv17 Rødhammer;SN72200;2020-03-16;-0.3
Fv17 Rødhammer;SN72200;2020-03-17;2.1
Fv17 Rødhammer;SN72200;2020-03-18;1
Fv17 Rødhammer;SN72200;2020-03-19;0.6
Fv17 Rødhammer;SN72200;2020-03-27;2.7
Fv17 Rødhammer;SN72200;2020-03-28;-2
Fv17 Rødhammer;SN72200;2020-03-30;-1.4
Fv17 Rødhammer;SN72200;2020-03-31;3.2
Fv17 Rødhammer;SN72200;2020-04-01;0.6
Fv17 Rødhammer;SN72200;2020-04-02;0.2
Fv17 Rødhammer;SN72200;2020-04-03;-1.4
Fv17 Rødhammer;SN72200;2020-04-04;-3.4
Fv17 Rødhammer;SN72200;2020-04-05;-4.1
Fv17 Rødhammer;SN72200;2020-04-06;2.1
Fv17 Rødhammer;SN72200;2020-04-07;4.5
Fv17 Rødhammer;SN72200;2020-04-08;2.7
Fv17 Rødhammer;SN72200;2020-04-09;1.9
Fv17 Rødhammer;SN72200;2020-04-10;0.6
Fv17 Rødhammer;SN72200;2020-04-17;1.7
Fv17 Rødhammer;SN72200;2020-04-18;3.5
Fv17 Rødhammer;SN72200;2020-04-19;3.7
Fv17 Rødhammer;SN72200;2020-04-20;4
Fv17 Rødhammer;SN72200;2020-04-21;3.9
Fv17 Rødhammer;SN72200;2020-04-22;4.2
Fv17 Rødhammer;SN72200;2020-04-23;3.5
Fv17 Rødhammer;SN72200;2020-04-24;4.1
Fv17 Rødhammer;SN72200;2020-04-25;3.1
Fv17 Rødhammer;SN72200;2020-04-26;3.5
Fv17 Rødhammer;SN72200;2020-04-27;3.1
Fv17 Rødhammer;SN72200;2020-04-28;2.4
Fv17 Rødhammer;SN72200;2020-04-29;3.2
Fv17 Rødhammer;SN72200;2020-04-30;5.2
Fv17 Rødhammer;SN72200;2020-05-01;3.5
Fv17 Rødhammer;SN72200;2020-05-02;3.5
Fv17 Rødhammer;SN72200;2020-05-03;3.5
Fv17 Rødhammer;SN72200;2020-05-04;2.8
Fv17 Rødhammer;SN72200;2020-05-05;3.6
Fv17 Rødhammer;SN72200;2020-05-06;3.5
Fv17 Rødhammer;SN72200;2020-05-07;3.5
Fv17 Rødhammer;SN72200;2020-05-08;3.2
Fv17 Rødhammer;SN72200;2020-05-09;1.3
Fv17 Rødhammer;SN72200;2020-05-10;0.8
Fv17 Rødhammer;SN72200;2020-05-11;0.8
Fv17 Rødhammer;SN72200;2020-05-12;0.4
Fv17 Rødhammer;SN72200;2020-05-13;-0.1
Fv17 Rødhammer;SN72200;2020-05-14;0.4
Fv17 Rødhammer;SN72200;2020-05-15;0.9
Fv17 Rødhammer;SN72200;2020-05-16;1.8
Fv17 Rødhammer;SN72200;2020-05-17;2.9
Fv17 Rødhammer;SN72200;2020-05-18;2.7
Fv17 Rødhammer;SN72200;2020-05-19;3.6
Fv17 Rødhammer;SN72200;2020-05-20;5.4
Fv17 Rødhammer;SN72200;2020-05-21;7.3
Fv17 Rødhammer;SN72200;2020-05-22;11.1
Fv17 Rødhammer;SN72200;2020-05-23;12.3
Fv17 Rødhammer;SN72200;2020-05-24;11.3
Fv17 Rødhammer;SN72200;2020-05-25;9
Fv17 Rødhammer;SN72200;2020-05-26;9.7
Fv17 Rødhammer;SN72200;2020-05-27;7.8
Fv17 Rødhammer;SN72200;2020-05-28;7.1
Fv17 Rødhammer;SN72200;2020-05-29;7.8
Fv17 Rødhammer;SN72200;2020-05-30;13.1
Fv17 Rødhammer;SN72200;2020-05-31;16.3
Fv17 Rødhammer;SN72200;2020-06-01;15.3
Fv17 Rødhammer;SN72200;2020-06-02;11.8
Fv17 Rødhammer;SN72200;2020-06-03;9.9
Fv17 Rødhammer;SN72200;2020-06-04;14.6
Fv17 Rødhammer;SN72200;2020-06-05;15.1
Fv17 Rødhammer;SN72200;2020-06-06;14.7
Fv17 Rødhammer;SN72200;2020-06-07;8.5
Fv17 Rødhammer;SN72200;2020-06-08;6.8
Fv17 Rødhammer;SN72200;2020-06-09;7.9
Fv17 Rødhammer;SN72200;2020-06-10;12.2
Fv17 Rødhammer;SN72200;2020-06-11;11.6
Fv17 Rødhammer;SN72200;2020-06-12;16
Fv17 Rødhammer;SN72200;2020-06-13;18.1
Fv17 Rødhammer;SN72200;2020-06-14;17.2
Fv17 Rødhammer;SN72200;2020-06-15;14.8
Fv17 Rødhammer;SN72200;2020-06-16;18.3
Fv17 Rødhammer;SN72200;2020-06-17;20.3
Fv17 Rødhammer;SN72200;2020-06-18;15.8
Fv17 Rødhammer;SN72200;2020-06-19;16.5
Fv17 Rødhammer;SN72200;2020-06-20;22
Fv17 Rødhammer;SN72200;2020-06-21;23.4
Fv17 Rødhammer;SN72200;2020-06-22;18.1
Fv17 Rødhammer;SN72200;2020-06-23;17.5
Fv17 Rødhammer;SN72200;2020-06-24;18.1
Fv17 Rødhammer;SN72200;2020-06-25;18.4
Fv17 Rødhammer;SN72200;2020-06-26;18.7
Fv17 Rødhammer;SN72200;2020-07-01;7.6
Fv17 Rødhammer;SN72200;2020-07-03;8.8
Fv17 Rødhammer;SN72200;2020-07-04;10.3
Fv17 Rødhammer;SN72200;2020-07-05;12.7
Fv17 Rødhammer;SN72200;2020-07-06;12.1
Fv17 Rødhammer;SN72200;2020-07-07;9.8
Fv17 Rødhammer;SN72200;2020-07-08;9.6
Fv17 Rødhammer;SN72200;2020-07-09;10.1
Fv17 Rødhammer;SN72200;2020-07-10;10.9
Fv17 Rødhammer;SN72200;2020-07-11;10.5
Fv17 Rødhammer;SN72200;2020-07-12;9
Fv17 Rødhammer;SN72200;2020-07-13;9.6
Fv17 Rødhammer;SN72200;2020-07-14;11.5
Fv17 Rødhammer;SN72200;2020-07-15;15.5
Fv17 Rødhammer;SN72200;2020-07-16;16.4
Fv17 Rødhammer;SN72200;2020-07-17;12.8
Fv17 Rødhammer;SN72200;2020-07-18;14.3
Fv17 Rødhammer;SN72200;2020-07-19;13.6
Fv17 Rødhammer;SN72200;2020-07-20;11.4
Fv17 Rødhammer;SN72200;2020-07-21;10.4
Fv17 Rødhammer;SN72200;2020-07-22;9.5
Fv17 Rødhammer;SN72200;2020-07-23;10.4
Fv17 Rødhammer;SN72200;2020-07-24;9.8
Fv17 Rødhammer;SN72200;2020-07-25;10.3
Fv17 Rødhammer;SN72200;2020-07-26;14.9
Fv17 Rødhammer;SN72200;2020-07-27;14.3
Fv17 Rødhammer;SN72200;2020-07-28;16
Fv17 Rødhammer;SN72200;2020-07-29;15.9
Fv17 Rødhammer;SN72200;2020-07-30;14.9
Fv17 Rødhammer;SN72200;2020-07-31;14.7
Fv17 Rødhammer;SN72200;2020-08-01;16.3
Fv17 Rødhammer;SN72200;2020-08-02;17.4
Fv17 Rødhammer;SN72200;2020-08-03;12.2
Fv17 Rødhammer;SN72200;2020-08-06;14.9
Fv17 Rødhammer;SN72200;2020-08-07;18.4
Fv17 Rødhammer;SN72200;2020-08-08;14.9
Fv17 Rødhammer;SN72200;2020-08-09;11.4
Fv17 Rødhammer;SN72200;2020-08-10;12.7
Fv17 Rødhammer;SN72200;2020-08-11;14.1
Fv17 Rødhammer;SN72200;2020-08-12;12.1
Fv17 Rødhammer;SN72200;2020-08-13;12.6
Fv17 Rødhammer;SN72200;2020-08-14;14.2
Fv17 Rødhammer;SN72200;2020-08-15;14.1
Fv17 Rødhammer;SN72200;2020-08-16;12.2
Fv17 Rødhammer;SN72200;2020-08-17;10
Fv17 Rødhammer;SN72200;2020-08-18;12.8
Fv17 Rødhammer;SN72200;2020-08-19;13.4
Fv17 Rødhammer;SN72200;2020-08-20;13.2
Fv17 Rødhammer;SN72200;2020-08-21;17.8
Fv17 Rødhammer;SN72200;2020-08-22;17.9
Fv17 Rødhammer;SN72200;2020-08-23;10.6
Fv17 Rødhammer;SN72200;2020-08-26;9.2
Fv17 Rødhammer;SN72200;2020-08-27;8.4
Fv17 Rødhammer;SN72200;2020-08-28;8
Fv17 Rødhammer;SN72200;2020-08-29;8.6
Fv17 Rødhammer;SN72200;2020-08-30;6.1
Fv17 Rødhammer;SN72200;2020-08-31;5.9
Fv17 Rødhammer;SN72200;2020-09-01;8
Fv17 Rødhammer;SN72200;2020-09-02;10.6
Fv17 Rødhammer;SN72200;2020-09-03;14.2
Fv17 Rødhammer;SN72200;2020-09-05;8.6
Fv17 Rødhammer;SN72200;2020-09-06;7.5
Fv17 Rødhammer;SN72200;2020-09-07;10.1
Fv17 Rødhammer;SN72200;2020-09-08;9.8
Fv17 Rødhammer;SN72200;2020-09-09;8.9
Fv17 Rødhammer;SN72200;2020-09-10;6.8
Fv17 Rødhammer;SN72200;2020-09-11;8.7
Fv17 Rødhammer;SN72200;2020-09-12;7.8
Fv17 Rødhammer;SN72200;2020-09-13;8.8
Fv17 Rødhammer;SN72200;2020-09-14;7.8
Fv17 Rødhammer;SN72200;2020-09-15;7.8
Fv17 Rødhammer;SN72200;2020-09-16;7.4
Fv17 Rødhammer;SN72200;2020-09-17;7
Fv17 Rødhammer;SN72200;2020-09-18;9.9
Fv17 Rødhammer;SN72200;2020-09-19;8.3
Fv17 Rødhammer;SN72200;2020-09-20;8.3
Fv17 Rødhammer;SN72200;2020-09-21;9.3
Fv17 Rødhammer;SN72200;2020-09-22;6.9
Fv17 Rødhammer;SN72200;2020-09-23;7
Fv17 Rødhammer;SN72200;2020-09-24;6.4
Fv17 Rødhammer;SN72200;2020-09-25;6.2
Fv17 Rødhammer;SN72200;2020-09-26;3.6
Fv17 Rødhammer;SN72200;2020-09-27;8.5
Fv17 Rødhammer;SN72200;2020-09-28;9.1
Fv17 Rødhammer;SN72200;2020-09-29;8.2
Fv17 Rødhammer;SN72200;2020-09-30;9
Fv17 Rødhammer;SN72200;2020-10-01;10
Fv17 Rødhammer;SN72200;2020-10-03;10.7
Fv17 Rødhammer;SN72200;2020-10-04;12.9
Fv17 Rødhammer;SN72200;2020-10-05;10.9
Fv17 Rødhammer;SN72200;2020-10-06;8.4
Fv17 Rødhammer;SN72200;2020-10-07;9.7
Fv17 Rødhammer;SN72200;2020-10-08;8.6
Fv17 Rødhammer;SN72200;2020-10-09;7.7
Fv17 Rødhammer;SN72200;2020-10-10;6.2
Fv17 Rødhammer;SN72200;2020-10-11;5.5
Fv17 Rødhammer;SN72200;2020-10-12;5.7
Fv17 Rødhammer;SN72200;2020-10-13;3.6
Fv17 Rødhammer;SN72200;2020-10-14;4.4
Fv17 Rødhammer;SN72200;2020-10-15;6.2
Fv17 Rødhammer;SN72200;2020-10-16;6.3
Fv17 Rødhammer;SN72200;2020-10-17;4.1
Fv17 Rødhammer;SN72200;2020-10-18;2.4
Fv17 Rødhammer;SN72200;2020-10-19;-0.5
Fv17 Rødhammer;SN72200;2020-10-20;-2.7
Fv17 Rødhammer;SN72200;2020-10-21;0.4
Fv17 Rødhammer;SN72200;2020-10-22;-1
Fv17 Rødhammer;SN72200;2020-10-23;-1.5
Fv17 Rødhammer;SN72200;2020-10-24;-2.5
Fv17 Rødhammer;SN72200;2020-10-26;-0.9
Fv17 Rødhammer;SN72200;2020-10-27;-2.3
Fv17 Rødhammer;SN72200;2020-10-28;-1.9
Fv17 Rødhammer;SN72200;2020-10-29;0.1
Fv17 Rødhammer;SN72200;2020-10-30;2.3
Fv17 Rødhammer;SN72200;2020-10-31;3.3
Fv17 Rødhammer;SN72200;2020-11-01;9.8
Fv17 Rødhammer;SN72200;2020-11-02;8.4
Fv17 Rødhammer;SN72200;2020-11-03;4.3
Fv17 Rødhammer;SN72200;2020-11-04;4.3
Fv17 Rødhammer;SN72200;2020-11-05;8
Fv17 Rødhammer;SN72200;2020-11-06;8.9
Fv17 Rødhammer;SN72200;2020-11-07;4.8
Fv17 Rødhammer;SN72200;2020-11-08;1
Fv17 Rødhammer;SN72200;2020-11-09;3.2
Fv17 Rødhammer;SN72200;2020-11-10;3
Fv17 Rødhammer;SN72200;2020-11-11;0.7
Fv17 Rødhammer;SN72200;2020-11-12;-2.2
Fv17 Rødhammer;SN72200;2020-11-13;-0.9
Fv17 Rødhammer;SN72200;2020-11-14;-1.2
Fv17 Rødhammer;SN72200;2020-11-15;2.1
Fv17 Rødhammer;SN72200;2020-11-16;10.4
Fv17 Rødhammer;SN72200;2020-11-17;5.9
Fv17 Rødhammer;SN72200;2020-11-18;2.6
Fv17 Rødhammer;SN72200;2020-11-19;-1.7
Fv17 Rødhammer;SN72200;2020-11-20;-0.3
Fv17 Rødhammer;SN72200;2020-11-21;1.4
Fv17 Rødhammer;SN72200;2020-11-22;3.9
Fv17 Rødhammer;SN72200;2020-11-23;1
Fv17 Rødhammer;SN72200;2020-11-24;0.1
Fv17 Rødhammer;SN72200;2020-11-25;1.5
Fv17 Rødhammer;SN72200;2020-11-26;0.1
Fv17 Rødhammer;SN72200;2020-11-27;0.1
Fv17 Rødhammer;SN72200;2020-11-28;-3.6
Fv17 Rødhammer;SN72200;2020-11-29;-2.6
Fv17 Rødhammer;SN72200;2020-11-30;-1
Fv17 Rødhammer;SN72200;2020-12-01;-0.4
Fv17 Rødhammer;SN72200;2020-12-02;-2.1
Fv17 Rødhammer;SN72200;2020-12-03;1.8
Fv17 Rødhammer;SN72200;2020-12-04;2.1
Fv17 Rødhammer;SN72200;2020-12-05;-1.9
Fv17 Rødhammer;SN72200;2020-12-06;-3.1
Fv17 Rødhammer;SN72200;2020-12-09;1.2
Fv17 Rødhammer;SN72200;2020-12-10;-2.2
Fv17 Rødhammer;SN72200;2020-12-11;-0.5
Fv17 Rødhammer;SN72200;2020-12-12;-5.4
Fv17 Rødhammer;SN72200;2020-12-13;-4.8
Fv17 Rødhammer;SN72200;2020-12-15;0.3
Fv17 Rødhammer;SN72200;2020-12-16;-0.4
Fv17 Rødhammer;SN72200;2020-12-17;0
Fv17 Rødhammer;SN72200;2020-12-18;-2.9
Fv17 Rødhammer;SN72200;2020-12-23;1
Fv17 Rødhammer;SN72200;2020-12-24;0.5
Fv17 Rødhammer;SN72200;2020-12-25;-2.3
Fv17 Rødhammer;SN72200;2020-12-28;3.8
Fv17 Rødhammer;SN72200;2020-12-29;0.1
Fv17 Rødhammer;SN72200;2020-12-30;-3.8
Fv17 Rødhammer;SN72200;2020-12-31;-5.8
Fv17 Rødhammer;SN72200;2021-01-01;-7.7
Fv17 Rødhammer;SN72200;2021-01-02;-11.7
Fv17 Rødhammer;SN72200;2021-01-03;-12.3
Fv17 Rødhammer;SN72200;2021-01-04;-9.4
Fv17 Rødhammer;SN72200;2021-01-05;-8.9
Fv17 Rødhammer;SN72200;2021-01-06;-9.9
Fv17 Rødhammer;SN72200;2021-01-07;-15.6
Fv17 Rødhammer;SN72200;2021-01-08;-15
Fv17 Rødhammer;SN72200;2021-01-09;-10.8
Fv17 Rødhammer;SN72200;2021-01-10;-4
Fv17 Rødhammer;SN72200;2021-01-11;-10.3
Fv17 Rødhammer;SN72200;2021-01-12;-4.7
Fv17 Rødhammer;SN72200;2021-01-13;-16
Fv17 Rødhammer;SN72200;2021-01-14;-20.6
Fv17 Rødhammer;SN72200;2021-01-15;-10.9
Fv17 Rødhammer;SN72200;2021-01-16;-10.3
Fv17 Rødhammer;SN72200;2021-01-17;-17.8
Fv17 Rødhammer;SN72200;2021-01-18;-12.9
Fv17 Rødhammer;SN72200;2021-01-19;-15.7
Fv17 Rødhammer;SN72200;2021-01-20;-5.8
Fv17 Rødhammer;SN72200;2021-01-21;-3.3
Fv17 Rødhammer;SN72200;2021-01-22;1
Fv17 Rødhammer;SN72200;2021-01-23;-6.4
Fv17 Rødhammer;SN72200;2021-01-24;-5.3
Fv17 Rødhammer;SN72200;2021-01-25;-8.2
Fv17 Rødhammer;SN72200;2021-01-26;-4.7
Fv17 Rødhammer;SN72200;2021-01-27;-3.7
Fv17 Rødhammer;SN72200;2021-01-28;-9
Fv17 Rødhammer;SN72200;2021-01-29;-9.6
Fv17 Rødhammer;SN72200;2021-01-30;-5.8
Fv17 Rødhammer;SN72200;2021-01-31;-8.3
Fv17 Rødhammer;SN72200;2021-02-01;-6.8
Fv17 Rødhammer;SN72200;2021-02-02;-14.9
Fv17 Rødhammer;SN72200;2021-02-03;-23.2
Fv17 Rødhammer;SN72200;2021-02-04;-23.8
Fv17 Rødhammer;SN72200;2021-02-05;-19.2
Fv17 Rødhammer;SN72200;2021-02-06;-14.2
Fv17 Rødhammer;SN72200;2021-02-07;-16.9
Fv17 Rødhammer;SN72200;2021-02-08;-11
Fv17 Rødhammer;SN72200;2021-02-09;-10.1
Fv17 Rødhammer;SN72200;2021-02-10;-20.3
Fv17 Rødhammer;SN72200;2021-02-11;-21.6
Fv17 Rødhammer;SN72200;2021-02-12;-6.4
Fv17 Rødhammer;SN72200;2021-02-13;-0.1
Fv17 Rødhammer;SN72200;2021-02-14;-2.7
Fv17 Rødhammer;SN72200;2021-02-15;-13.2
Fv17 Rødhammer;SN72200;2021-02-16;-12.7
Fv17 Rødhammer;SN72200;2021-02-17;-3.5
Fv17 Rødhammer;SN72200;2021-02-18;-7.8
Fv17 Rødhammer;SN72200;2021-02-19;-6.3
Fv17 Rødhammer;SN72200;2021-02-20;-3.2
Fv17 Rødhammer;SN72200;2021-02-21;0.1
Fv17 Rødhammer;SN72200;2021-02-22;-3.1
Fv17 Rødhammer;SN72200;2021-02-23;-0.1
Fv17 Rødhammer;SN72200;2021-02-24;2.2
Fv17 Rødhammer;SN72200;2021-02-25;2.4
Fv17 Rødhammer;SN72200;2021-02-26;2.7
Fv17 Rødhammer;SN72200;2021-02-28;5
Fv17 Rødhammer;SN72200;2021-03-01;3.2
Fv17 Rødhammer;SN72200;2021-03-02;2.9
Fv17 Rødhammer;SN72200;2021-03-03;0.6
Fv17 Rødhammer;SN72200;2021-03-04;-2.7
Fv17 Rødhammer;SN72200;2021-03-05;-1.1
Fv17 Rødhammer;SN72200;2021-03-06;-0.8
Fv17 Rødhammer;SN72200;2021-03-07;-3.1
Fv17 Rødhammer;SN72200;2021-03-08;-2.2
Fv17 Rødhammer;SN72200;2021-03-09;-3.1
Fv17 Rødhammer;SN72200;2021-03-10;-3.4
Fv17 Rødhammer;SN72200;2021-03-11;-0.5
Fv17 Rødhammer;SN72200;2021-03-12;-0.2
Fv17 Rødhammer;SN72200;2021-03-13;-1.1
Fv17 Rødhammer;SN72200;2021-03-14;-2.5
Fv17 Rødhammer;SN72200;2021-03-17;0.3
Fv17 Rødhammer;SN72200;2021-03-18;0.7
Fv17 Rødhammer;SN72200;2021-03-19;0.2
Fv17 Rødhammer;SN72200;2021-03-20;3.7
Fv17 Rødhammer;SN72200;2021-03-22;4.2
Fv17 Rødhammer;SN72200;2021-03-23;4.9
Fv17 Rødhammer;SN72200;2021-03-25;2.8
Fv17 Rødhammer;SN72200;2021-03-26;4
Fv17 Rødhammer;SN72200;2021-03-27;3.5
Fv17 Rødhammer;SN72200;2021-03-29;3.6
Fv17 Rødhammer;SN72200;2021-03-30;3.4
Fv17 Rødhammer;SN72200;2021-03-31;2.1
Fv17 Rødhammer;SN72200;2021-04-01;2
Fv17 Rødhammer;SN72200;2021-04-02;0.7
Fv17 Rødhammer;SN72200;2021-04-03;3.6
Fv17 Rødhammer;SN72200;2021-04-04;2.3
Fv17 Rødhammer;SN72200;2021-04-05;-0.6
Fv17 Rødhammer;SN72200;2021-04-06;1.8
Fv17 Rødhammer;SN72200;2021-04-07;-0.3
Fv17 Rødhammer;SN72200;2021-04-08;-1.1
Fv17 Rødhammer;SN72200;2021-04-09;-0.9
Fv17 Rødhammer;SN72200;2021-04-10;0.2
Fv17 Rødhammer;SN72200;2021-04-11;0.3
Fv17 Rødhammer;SN72200;2021-04-12;-0.1
Fv17 Rødhammer;SN72200;2021-04-13;0.9
Fv17 Rødhammer;SN72200;2021-04-14;1.6
Fv17 Rødhammer;SN72200;2021-04-15;2.8
Fv17 Rødhammer;SN72200;2021-04-16;4.2
Fv17 Rødhammer;SN72200;2021-04-18;5.2
Fv17 Rødhammer;SN72200;2021-04-19;6
Fv17 Rødhammer;SN72200;2021-04-20;6
Fv17 Rødhammer;SN72200;2021-04-21;2.2
Fv17 Rødhammer;SN72200;2021-04-22;0.1
Fv17 Rødhammer;SN72200;2021-04-23;0
Fv17 Rødhammer;SN72200;2021-04-24;1.1
Fv17 Rødhammer;SN72200;2021-04-25;0.7
Fv17 Rødhammer;SN72200;2021-04-26;1.5
Fv17 Rødhammer;SN72200;2021-04-27;1
Fv17 Rødhammer;SN72200;2021-04-28;1
Fv17 Rødhammer;SN72200;2021-04-29;0
Fv17 Rødhammer;SN72200;2021-04-30;1.7
Fv17 Rødhammer;SN72200;2021-05-01;1.3
Fv17 Rødhammer;SN72200;2021-05-02;0.9
Fv17 Rødhammer;SN72200;2021-05-03;1.5
Fv17 Rødhammer;SN72200;2021-05-04;2.9
Fv17 Rødhammer;SN72200;2021-05-05;4.6
Fv17 Rødhammer;SN72200;2021-05-06;1.9
Fv17 Rødhammer;SN72200;2021-05-07;1.2
Fv17 Rødhammer;SN72200;2021-05-08;2.7
Fv17 Rødhammer;SN72200;2021-05-09;4.3
Fv17 Rødhammer;SN72200;2021-05-12;7.9
Fv17 Rødhammer;SN72200;2021-05-13;7.3
Fv17 Rødhammer;SN72200;2021-05-14;12.1
Fv17 Rødhammer;SN72200;2021-05-15;11.3
Fv17 Rødhammer;SN72200;2021-05-16;11.2
Fv17 Rødhammer;SN72200;2021-05-17;9.8
Fv17 Rødhammer;SN72200;2021-05-18;8.4
Fv17 Rødhammer;SN72200;2021-05-19;8.7
Fv17 Rødhammer;SN72200;2021-05-20;6.5
Fv17 Rødhammer;SN72200;2021-05-21;7.6
Fv17 Rødhammer;SN72200;2021-05-22;9.3
Fv17 Rødhammer;SN72200;2021-05-23;9.2
Fv17 Rødhammer;SN72200;2021-05-25;11.6
Fv17 Rødhammer;SN72200;2021-05-26;12.2
Fv17 Rødhammer;SN72200;2021-05-27;11
Fv17 Rødhammer;SN72200;2021-05-28;7.2
Fv17 Rødhammer;SN72200;2021-05-29;8.4
Fv17 Rødhammer;SN72200;2021-05-30;9.8
Fv17 Rødhammer;SN72200;2021-05-31;11.3
Fv17 Rødhammer;SN72200;2021-06-01;16.1
Fv17 Rødhammer;SN72200;2021-06-02;18.1
Fv17 Rødhammer;SN72200;2021-06-03;17.5
Fv17 Rødhammer;SN72200;2021-06-04;18
Fv17 Rødhammer;SN72200;2021-06-05;15.3
Fv17 Rødhammer;SN72200;2021-06-06;13.8
Fv17 Rødhammer;SN72200;2021-06-07;13
Fv17 Rødhammer;SN72200;2021-06-08;13.3
Fv17 Rødhammer;SN72200;2021-06-09;14.6
Fv17 Rødhammer;SN72200;2021-06-10;16.6
Fv17 Rødhammer;SN72200;2021-06-11;15.2
Fv17 Rødhammer;SN72200;2021-06-12;10
Fv17 Rødhammer;SN72200;2021-06-13;8
Fv17 Rødhammer;SN72200;2021-06-14;11
Fv17 Rødhammer;SN72200;2021-06-15;7.5
Fv17 Rødhammer;SN72200;2021-06-16;10.4
Fv17 Rødhammer;SN72200;2021-06-17;13.3
Fv17 Rødhammer;SN72200;2021-06-18;10.9
Fv17 Rødhammer;SN72200;2021-06-19;10.2
Fv17 Rødhammer;SN72200;2021-06-20;12.4
Fv17 Rødhammer;SN72200;2021-06-21;12.7
Fv17 Rødhammer;SN72200;2021-06-22;10.8
Fv17 Rødhammer;SN72200;2021-06-23;11.5
Fv17 Rødhammer;SN72200;2021-06-24;11.3
Fv17 Rødhammer;SN72200;2021-06-25;10.5
Fv17 Rødhammer;SN72200;2021-06-26;10.8
Fv17 Rødhammer;SN72200;2021-06-27;11.2
Fv17 Rødhammer;SN72200;2021-06-28;11.7
Fv17 Rødhammer;SN72200;2021-06-29;9.7
Fv17 Rødhammer;SN72200;2021-06-30;10.8
Fv17 Rødhammer;SN72200;2021-07-01;15.6
Fv17 Rødhammer;SN72200;2021-07-02;18.8
Fv17 Rødhammer;SN72200;2021-07-03;21.1
Fv17 Rødhammer;SN72200;2021-07-04;20.8
Fv17 Rødhammer;SN72200;2021-07-05;20.2
Fv17 Rødhammer;SN72200;2021-07-06;19.7
Fv17 Rødhammer;SN72200;2021-07-07;17.9
Fv17 Rødhammer;SN72200;2021-07-08;17.1
Fv17 Rødhammer;SN72200;2021-07-09;17.8
Fv17 Rødhammer;SN72200;2021-07-10;16.4
Fv17 Rødhammer;SN72200;2021-07-11;15.3
Fv17 Rødhammer;SN72200;2021-07-12;16.2
Fv17 Rødhammer;SN72200;2021-07-13;15.2
Fv17 Rødhammer;SN72200;2021-07-14;16.5
Fv17 Rødhammer;SN72200;2021-07-15;14.5
Fv17 Rødhammer;SN72200;2021-07-16;13.5
Fv17 Rødhammer;SN72200;2021-07-17;12.3
Fv17 Rødhammer;SN72200;2021-07-18;10.2
Fv17 Rødhammer;SN72200;2021-07-19;10.6
Fv17 Rødhammer;SN72200;2021-07-20;9.4
Fv17 Rødhammer;SN72200;2021-07-21;10.7
Fv17 Rødhammer;SN72200;2021-07-22;10.8
Fv17 Rødhammer;SN72200;2021-07-23;10.9
Fv17 Rødhammer;SN72200;2021-07-24;14.5
Fv17 Rødhammer;SN72200;2021-07-25;16.3
Fv17 Rødhammer;SN72200;2021-07-26;19.1
Fv17 Rødhammer;SN72200;2021-07-27;21.4
Fv17 Rødhammer;SN72200;2021-07-28;21.4
Fv17 Rødhammer;SN72200;2021-07-29;18.8
Fv17 Rødhammer;SN72200;2021-07-30;11.5
Fv17 Rødhammer;SN72200;2021-08-03;8.7
Fv17 Rødhammer;SN72200;2021-08-04;10.7
Fv17 Rødhammer;SN72200;2021-08-05;14.1
Fv17 Rødhammer;SN72200;2021-08-06;15.7
Fv17 Rødhammer;SN72200;2021-08-07;14.8
Fv17 Rødhammer;SN72200;2021-08-08;13.9
Fv17 Rødhammer;SN72200;2021-08-09;15.1
Fv17 Rødhammer;SN72200;2021-08-10;13.7
Fv17 Rødhammer;SN72200;2021-08-11;13.6
Fv17 Rødhammer;SN72200;2021-08-13;14.6
Fv17 Rødhammer;SN72200;2021-08-14;14.5
Fv17 Rødhammer;SN72200;2021-08-15;12.5
Fv17 Rødhammer;SN72200;2021-08-16;11.5
Fv17 Rødhammer;SN72200;2021-08-17;11.1
Fv17 Rødhammer;SN72200;2021-08-18;10.8
Fv17 Rødhammer;SN72200;2021-08-19;10.1
Fv17 Rødhammer;SN72200;2021-08-20;9.5
Fv17 Rødhammer;SN72200;2021-08-21;8.9
Fv17 Rødhammer;SN72200;2021-08-22;8.6
Fv17 Rødhammer;SN72200;2021-08-23;8.6
Fv17 Rødhammer;SN72200;2021-08-24;8.8
Fv17 Rødhammer;SN72200;2021-08-25;10.5
Fv17 Rødhammer;SN72200;2021-08-26;8.6
Fv17 Rødhammer;SN72200;2021-08-27;9.6
Fv17 Rødhammer;SN72200;2021-08-28;9.8
Fv17 Rødhammer;SN72200;2021-08-29;9.3
Fv17 Rødhammer;SN72200;2021-08-30;9.8
Fv17 Rødhammer;SN72200;2021-09-01;9.8
Fv17 Rødhammer;SN72200;2021-09-02;10.4
Fv17 Rødhammer;SN72200;2021-09-03;7.2
Fv17 Rødhammer;SN72200;2021-09-04;6.4
Fv17 Rødhammer;SN72200;2021-09-05;6.8
Fv17 Rødhammer;SN72200;2021-09-06;9.3
Fv17 Rødhammer;SN72200;2021-09-07;12.5
Fv17 Rødhammer;SN72200;2021-09-08;11.3
Fv17 Rødhammer;SN72200;2021-09-09;8.6
Fv17 Rødhammer;SN72200;2021-09-10;7.2
Fv17 Rødhammer;SN72200;2021-09-11;11.8
Fv17 Rødhammer;SN72200;2021-09-12;9.4
Fv17 Rødhammer;SN72200;2021-09-13;6.4
Fv17 Rødhammer;SN72200;2021-09-14;7.2
Fv17 Rødhammer;SN72200;2021-09-15;6.6
Fv17 Rødhammer;SN72200;2021-09-16;9
Fv17 Rødhammer;SN72200;2021-09-17;9.7
Fv17 Rødhammer;SN72200;2021-09-18;8
Fv17 Rødhammer;SN72200;2021-09-19;8.5
Fv17 Rødhammer;SN72200;2021-09-20;7.3
Fv17 Rødhammer;SN72200;2021-09-21;8.6
Fv17 Rødhammer;SN72200;2021-09-22;9
Fv17 Rødhammer;SN72200;2021-09-23;6.6
Fv17 Rødhammer;SN72200;2021-09-24;5.3
Fv17 Rødhammer;SN72200;2021-09-25;7.7
Fv17 Rødhammer;SN72200;2021-09-26;8.8
Fv17 Rødhammer;SN72200;2021-09-27;12.3
Fv17 Rødhammer;SN72200;2021-09-28;10.7
Fv17 Rødhammer;SN72200;2021-09-29;10.4
Fv17 Rødhammer;SN72200;2021-09-30;11.4
Fv17 Rødhammer;SN72200;2021-10-02;11.8
Fv17 Rødhammer;SN72200;2021-10-03;11.9
Fv17 Rødhammer;SN72200;2021-10-05;6.9
Fv17 Rødhammer;SN72200;2021-10-06;4.2
Fv17 Rødhammer;SN72200;2021-10-07;7.4
Fv17 Rødhammer;SN72200;2021-10-08;8.8
Fv17 Rødhammer;SN72200;2021-10-09;10.3
Fv17 Rødhammer;SN72200;2021-10-10;8.5
Fv17 Rødhammer;SN72200;2021-10-11;5
Fv17 Rødhammer;SN72200;2021-10-12;3.9
Fv17 Rødhammer;SN72200;2021-10-13;2.3
Fv17 Rødhammer;SN72200;2021-10-14;6.1
Fv17 Rødhammer;SN72200;2021-10-15;2.6
Fv17 Rødhammer;SN72200;2021-10-16;2
Fv17 Rødhammer;SN72200;2021-10-17;1.3
Fv17 Rødhammer;SN72200;2021-10-18;0.5
Fv17 Rødhammer;SN72200;2021-10-19;0.2
Fv17 Rødhammer;SN72200;2021-10-20;4.7
Fv17 Rødhammer;SN72200;2021-10-21;3.9
Fv17 Rødhammer;SN72200;2021-10-22;0.7
Fv17 Rødhammer;SN72200;2021-10-23;0.1
Fv17 Rødhammer;SN72200;2021-10-24;3.1
Fv17 Rødhammer;SN72200;2021-10-25;4.9
Fv17 Rødhammer;SN72200;2021-10-26;3.8
Fv17 Rødhammer;SN72200;2021-10-27;6.2
Fv17 Rødhammer;SN72200;2021-10-28;7
Fv17 Rødhammer;SN72200;2021-10-29;6.5
Fv17 Rødhammer;SN72200;2021-10-30;3.9
Fv17 Rødhammer;SN72200;2021-11-02;8.4
Fv17 Rødhammer;SN72200;2021-11-03;-0.8
Fv17 Rødhammer;SN72200;2021-11-04;0.8
Fv17 Rødhammer;SN72200;2021-11-05;2.8
Fv17 Rødhammer;SN72200;2021-11-06;1.4
Fv17 Rødhammer;SN72200;2021-11-09;-0.4
Fv17 Rødhammer;SN72200;2021-11-10;3.4
Fv17 Rødhammer;SN72200;2021-11-11;2.4
Fv17 Rødhammer;SN72200;2021-11-12;0.6
Fv17 Rødhammer;SN72200;2021-11-13;-3.5
Fv17 Rødhammer;SN72200;2021-11-14;-6.4
Fv17 Rødhammer;SN72200;2021-11-15;-1.2
Fv17 Rødhammer;SN72200;2021-11-16;1.5
Fv17 Rødhammer;SN72200;2021-11-17;1.9
Fv17 Rødhammer;SN72200;2021-11-18;0.8
Fv17 Rødhammer;SN72200;2021-11-19;0.8
Fv17 Rødhammer;SN72200;2021-11-20;0.4
Fv17 Rødhammer;SN72200;2021-11-21;-0.9
Fv17 Rødhammer;SN72200;2021-11-22;1.1
Fv17 Rødhammer;SN72200;2021-11-23;3.1
Fv17 Rødhammer;SN72200;2021-11-24;0.5
Fv17 Rødhammer;SN72200;2021-11-25;-1.2
Fv17 Rødhammer;SN72200;2021-11-26;-4
Fv17 Rødhammer;SN72200;2021-11-27;-7.9
Fv17 Rødhammer;SN72200;2021-11-28;-16.8
Fv17 Rødhammer;SN72200;2021-11-29;-10.1
Fv17 Rødhammer;SN72200;2021-12-01;-7.7
Fv17 Rødhammer;SN72200;2021-12-02;-15
Fv17 Rødhammer;SN72200;2021-12-03;-22.5
Fv17 Rødhammer;SN72200;2021-12-04;-4.9
Fv17 Rødhammer;SN72200;2021-12-05;-16.5
Fv17 Rødhammer;SN72200;2021-12-06;-21.8
Fv17 Rødhammer;SN72200;2021-12-07;-19.9
Fv17 Rødhammer;SN72200;2021-12-08;-13.4
Fv17 Rødhammer;SN72200;2021-12-10;-5.8
Fv17 Rødhammer;SN72200;2021-12-11;-5.1
Fv17 Rødhammer;SN72200;2021-12-12;-2.7
Fv17 Rødhammer;SN72200;2021-12-13;-1.6
Fv17 Rødhammer;SN72200;2021-12-14;-0.3
Fv17 Rødhammer;SN72200;2021-12-15;3.8
Fv17 Rødhammer;SN72200;2021-12-16;4.1
Fv17 Rødhammer;SN72200;2021-12-17;4.4
Fv17 Rødhammer;SN72200;2021-12-18;5.1
Fv17 Rødhammer;SN72200;2021-12-19;2.1
Fv17 Rødhammer;SN72200;2021-12-20;-1.6
Fv17 Rødhammer;SN72200;2021-12-21;-2.6
Fv17 Rødhammer;SN72200;2021-12-22;-4.2
Fv17 Rødhammer;SN72200;2021-12-23;-4.3
Fv17 Rødhammer;SN72200;2021-12-24;-12.5
Fv17 Rødhammer;SN72200;2021-12-25;-4
Fv17 Rødhammer;SN72200;2021-12-26;-5
Fv17 Rødhammer;SN72200;2021-12-27;-7.5
Fv17 Rødhammer;SN72200;2021-12-28;-14.8
Fv17 Rødhammer;SN72200;2021-12-29;-8.7
Fv17 Rødhammer;SN72200;2021-12-30;-7.2
Fv17 Rødhammer;SN72200;2021-12-31;-0.6
Fv17 Rødhammer;SN72200;2022-01-01;-7.4
Fv17 Rødhammer;SN72200;2022-01-02;-1.5
Fv17 Rødhammer;SN72200;2022-01-03;-3.2
Fv17 Rødhammer;SN72200;2022-01-04;-9.4
Fv17 Rødhammer;SN72200;2022-01-05;-9.2
Fv17 Rødhammer;SN72200;2022-01-06;-10.3
Fv17 Rødhammer;SN72200;2022-01-07;-15.6
Fv17 Rødhammer;SN72200;2022-01-08;-10.8
Fv17 Rødhammer;SN72200;2022-01-09;-13.6
Fv17 Rødhammer;SN72200;2022-01-10;-16.2
Fv17 Rødhammer;SN72200;2022-01-11;-2.6
Fv17 Rødhammer;SN72200;2022-01-12;4.3
Fv17 Rødhammer;SN72200;2022-01-13;3.7
Fv17 Rødhammer;SN72200;2022-01-15;1
Fv17 Rødhammer;SN72200;2022-01-16;0.6
Fv17 Rødhammer;SN72200;2022-01-18;4.6
Fv17 Rødhammer;SN72200;2022-01-19;0.3
Fv17 Rødhammer;SN72200;2022-01-20;-2
Fv17 Rødhammer;SN72200;2022-01-21;-4.5
Fv17 Rødhammer;SN72200;2022-01-22;1.7
Fv17 Rødhammer;SN72200;2022-01-23;6.7
Fv17 Rødhammer;SN72200;2022-01-24;1.8
Fv17 Rødhammer;SN72200;2022-01-25;-2
Fv17 Rødhammer;SN72200;2022-01-26;0.3
Fv17 Rødhammer;SN72200;2022-01-27;0.3
Fv17 Rødhammer;SN72200;2022-01-28;-0.7
Fv17 Rødhammer;SN72200;2022-01-29;-0.1
Fv17 Rødhammer;SN72200;2022-01-30;-0.5
Fv17 Rødhammer;SN72200;2022-01-31;-4.7
Fv17 Rødhammer;SN72200;2022-02-01;-8.6
Fv17 Rødhammer;SN72200;2022-02-02;-11.3
Fv17 Rødhammer;SN72200;2022-02-03;-6.4
Fv17 Rødhammer;SN72200;2022-02-04;-1.8
Fv17 Rødhammer;SN72200;2022-02-05;-0.5
Fv17 Rødhammer;SN72200;2022-02-06;-2.5
Fv17 Rødhammer;SN72200;2022-02-07;-2.8
Fv17 Rødhammer;SN72200;2022-02-08;0.5
Fv17 Rødhammer;SN72200;2022-02-09;0.4
Fv17 Rødhammer;SN72200;2022-02-10;-0.4
Fv17 Rødhammer;SN72200;2022-02-11;-2.4
Fv17 Rødhammer;SN72200;2022-02-12;-1.3
Fv17 Rødhammer;SN72200;2022-02-13;0.2
Fv17 Rødhammer;SN72200;2022-02-14;-6.2
Fv17 Rødhammer;SN72200;2022-02-15;-6.8
Fv17 Rødhammer;SN72200;2022-02-16;-6.1
Fv17 Rødhammer;SN72200;2022-02-17;-12.7
Fv17 Rødhammer;SN72200;2022-02-18;-6.5
Fv17 Rødhammer;SN72200;2022-02-19;-3.9
Fv17 Rødhammer;SN72200;2022-02-20;-3.7
Fv17 Rødhammer;SN72200;2022-02-21;-6
Fv17 Rødhammer;SN72200;2022-02-22;-7.3
Fv17 Rødhammer;SN72200;2022-02-23;-1
Fv17 Rødhammer;SN72200;2022-02-24;-0.2
Fv17 Rødhammer;SN72200;2022-02-25;-1.6
Fv17 Rødhammer;SN72200;2022-02-26;-3.6
Fv17 Rødhammer;SN72200;2022-02-27;-2.8
Fv17 Rødhammer;SN72200;2022-02-28;-2.3
Fv17 Rødhammer;SN72200;2022-03-01;2
Fv17 Rødhammer;SN72200;2022-03-02;2.2
Fv17 Rødhammer;SN72200;2022-03-04;-3.7
Fv17 Rødhammer;SN72200;2022-03-05;-1.4
Fv17 Rødhammer;SN72200;2022-03-06;1.5
Fv17 Rødhammer;SN72200;2022-03-07;3.1
Fv17 Rødhammer;SN72200;2022-03-08;1.8
Fv17 Rødhammer;SN72200;2022-03-09;-1.7
Fv17 Rødhammer;SN72200;2022-03-10;1.9
Fv17 Rødhammer;SN72200;2022-03-11;1.5
Fv17 Rødhammer;SN72200;2022-03-12;-0.1
Fv17 Rødhammer;SN72200;2022-03-13;1.3
Fv17 Rødhammer;SN72200;2022-03-14;-0.7
Fv17 Rødhammer;SN72200;2022-03-15;-1.3
Fv17 Rødhammer;SN72200;2022-03-16;0.2
Fv17 Rødhammer;SN72200;2022-03-17;4.6
Fv17 Rødhammer;SN72200;2022-03-18;2.8
Fv17 Rødhammer;SN72200;2022-03-19;6.9
Fv17 Rødhammer;SN72200;2022-03-20;1.8
Fv17 Rødhammer;SN72200;2022-03-21;0.5
Fv17 Rødhammer;SN72200;2022-03-22;0
Fv17 Rødhammer;SN72200;2022-03-23;5.3
Fv17 Rødhammer;SN72200;2022-03-24;5.5
Fv17 Rødhammer;SN72200;2022-03-25;3.9
Fv17 Rødhammer;SN72200;2022-03-26;1.1
Fv17 Rødhammer;SN72200;2022-03-28;0.6
Fv17 Rødhammer;SN72200;2022-03-29;-2.4
Fv17 Rødhammer;SN72200;2022-03-30;-1.3
Fv17 Rødhammer;SN72200;2022-03-31;-2.9
Fv17 Rødhammer;SN72200;2022-04-01;-2.5
Fv17 Rødhammer;SN72200;2022-04-02;-0.5
Fv17 Rødhammer;SN72200;2022-04-03;-1
Fv17 Rødhammer;SN72200;2022-04-04;-2.4
Fv17 Rødhammer;SN72200;2022-04-05;-5.6
Fv17 Rødhammer;SN72200;2022-04-06;-2.2
Fv17 Rødhammer;SN72200;2022-04-07;-2.3
Fv17 Rødhammer;SN72200;2022-04-08;-4
Fv17 Rødhammer;SN72200;2022-04-09;0.7
Fv17 Rødhammer;SN72200;2022-04-10;2.7
Fv17 Rødhammer;SN72200;2022-04-11;2.5
Fv17 Rødhammer;SN72200;2022-04-12;2.5
Fv17 Rødhammer;SN72200;2022-04-13;1.9
Fv17 Rødhammer;SN72200;2022-04-14;0.9
Fv17 Rødhammer;SN72200;2022-04-15;2.1
Fv17 Rødhammer;SN72200;2022-04-16;4.9
Fv17 Rødhammer;SN72200;2022-04-17;4.5
Fv17 Rødhammer;SN72200;2022-04-18;7.3
Fv17 Rødhammer;SN72200;2022-04-19;6.8
Fv17 Rødhammer;SN72200;2022-04-20;6.3
Fv17 Rødhammer;SN72200;2022-04-21;6
Fv17 Rødhammer;SN72200;2022-04-22;5.8
Fv17 Rødhammer;SN72200;2022-04-24;5.6
Fv17 Rødhammer;SN72200;2022-04-25;4.3
Fv17 Rødhammer;SN72200;2022-04-26;0.3
Fv17 Rødhammer;SN72200;2022-04-27;-0.3
Fv17 Rødhammer;SN72200;2022-05-15;4.6
Fv17 Rødhammer;SN72200;2022-05-16;4.1
Fv17 Rødhammer;SN72200;2022-05-17;6.3
Fv17 Rødhammer;SN72200;2022-05-18;8.7
Fv17 Rødhammer;SN72200;2022-05-21;11.8
Fv17 Rødhammer;SN72200;2022-05-22;9.5
Fv17 Rødhammer;SN72200;2022-05-23;12.9
Fv17 Rødhammer;SN72200;2022-05-24;14.7
Fv17 Rødhammer;SN72200;2022-05-25;12.3
Fv17 Rødhammer;SN72200;2022-05-26;9.3
Fv17 Rødhammer;SN72200;2022-05-27;8.8
Fv17 Rødhammer;SN72200;2022-05-28;6.2
Fv17 Rødhammer;SN72200;2022-05-29;7.2
Fv17 Rødhammer;SN72200;2022-05-30;12.3
Fv17 Rødhammer;SN72200;2022-05-31;13.9
Fv17 Rødhammer;SN72200;2022-06-01;12.1
Fv17 Rødhammer;SN72200;2022-06-02;14
Fv17 Rødhammer;SN72200;2022-06-03;11
Fv17 Rødhammer;SN72200;2022-06-04;7.8
Fv17 Rødhammer;SN72200;2022-06-05;5.7
Fv17 Rødhammer;SN72200;2022-06-06;9.3
Fv17 Rødhammer;SN72200;2022-06-07;9.6
Fv17 Rødhammer;SN72200;2022-06-08;9.9
Fv17 Rødhammer;SN72200;2022-06-09;9.8
Fv17 Rødhammer;SN72200;2022-06-10;12.9
Fv17 Rødhammer;SN72200;2022-06-11;12.1
Fv17 Rødhammer;SN72200;2022-06-12;12
Fv17 Rødhammer;SN72200;2022-06-13;10.1
Fv17 Rødhammer;SN72200;2022-06-14;10
Fv17 Rødhammer;SN72200;2022-06-15;10.7
Fv17 Rødhammer;SN72200;2022-06-16;12.5
Fv17 Rødhammer;SN72200;2022-06-17;14.6
Fv17 Rødhammer;SN72200;2022-06-18;11.2
Fv17 Rødhammer;SN72200;2022-06-19;10.7
Fv17 Rødhammer;SN72200;2022-06-20;12.6
Fv17 Rødhammer;SN72200;2022-06-21;9.3
Fv17 Rødhammer;SN72200;2022-06-22;9.4
Fv17 Rødhammer;SN72200;2022-06-23;11.5
Fv17 Rødhammer;SN72200;2022-06-24;17.3
Fv17 Rødhammer;SN72200;2022-06-25;19.8
Fv17 Rødhammer;SN72200;2022-06-26;19.8
Fv17 Rødhammer;SN72200;2022-06-27;21
Fv17 Rødhammer;SN72200;2022-06-28;17
Fv17 Rødhammer;SN72200;2022-06-29;13.4
Fv17 Rødhammer;SN72200;2022-07-01;22.3
Fv17 Rødhammer;SN72200;2022-07-02;15
Fv17 Rødhammer;SN72200;2022-07-03;14
Fv17 Rødhammer;SN72200;2022-07-04;14.5
Fv17 Rødhammer;SN72200;2022-07-05;11.5
Fv17 Rødhammer;SN72200;2022-07-06;9.5
Fv17 Rødhammer;SN72200;2022-07-07;9.9
Fv17 Rødhammer;SN72200;2022-07-08;10.5
Fv17 Rødhammer;SN72200;2022-07-09;10.6
Fv17 Rødhammer;SN72200;2022-07-10;10.7
Fv17 Rødhammer;SN72200;2022-07-11;11.4
Fv17 Rødhammer;SN72200;2022-07-12;15.6
Fv17 Rødhammer;SN72200;2022-07-13;12.2
Fv17 Rødhammer;SN72200;2022-07-14;10
Fv17 Rødhammer;SN72200;2022-07-15;10
Fv17 Rødhammer;SN72200;2022-07-16;9.4
Fv17 Rødhammer;SN72200;2022-07-17;10.4
Fv17 Rødhammer;SN72200;2022-07-18;11.7
Fv17 Rødhammer;SN72200;2022-07-19;11.6
Fv17 Rødhammer;SN72200;2022-07-20;15.4
Fv17 Rødhammer;SN72200;2022-07-21;12.8
Fv17 Rødhammer;SN72200;2022-07-22;11
Fv17 Rødhammer;SN72200;2022-07-23;10.2
Fv17 Rødhammer;SN72200;2022-07-24;13.3
Fv17 Rødhammer;SN72200;2022-07-25;17.2
Fv17 Rødhammer;SN72200;2022-07-26;12.7
Fv17 Rødhammer;SN72200;2022-07-27;9.3
Fv17 Rødhammer;SN72200;2022-07-28;10.3
Fv17 Rødhammer;SN72200;2022-07-29;14
Fv17 Rødhammer;SN72200;2022-07-30;15.4
Fv17 Rødhammer;SN72200;2022-07-31;12.8
Fv17 Rødhammer;SN72200;2022-08-01;9.5
Fv17 Rødhammer;SN72200;2022-08-02;11.8
Fv17 Rødhammer;SN72200;2022-08-03;13.4
Fv17 Rødhammer;SN72200;2022-08-04;12.2
Fv17 Rødhammer;SN72200;2022-08-05;10.9
Fv17 Rødhammer;SN72200;2022-08-06;10.3
Fv17 Rødhammer;SN72200;2022-08-07;10.1
Fv17 Rødhammer;SN72200;2022-08-08;10.7
Fv17 Rødhammer;SN72200;2022-08-10;15.3
Fv17 Rødhammer;SN72200;2022-08-11;12.4
Fv17 Rødhammer;SN72200;2022-08-12;11.8
Fv17 Rødhammer;SN72200;2022-08-13;12.4
Fv17 Rødhammer;SN72200;2022-08-14;15.5
Fv17 Rødhammer;SN72200;2022-08-16;19.1
Fv17 Rødhammer;SN72200;2022-08-18;13.9
Fv17 Rødhammer;SN72200;2022-08-19;17
Fv17 Rødhammer;SN72200;2022-08-20;12.8
Fv17 Rødhammer;SN72200;2022-08-21;13.8
Fv17 Rødhammer;SN72200;2022-08-22;10.2
Fv17 Rødhammer;SN72200;2022-08-23;11
Fv17 Rødhammer;SN72200;2022-08-24;14.6
Fv17 Rødhammer;SN72200;2022-08-25;16
Fv17 Rødhammer;SN72200;2022-08-26;14.6
Fv17 Rødhammer;SN72200;2022-08-27;11.7
Fv17 Rødhammer;SN72200;2022-08-28;9.8
Fv17 Rødhammer;SN72200;2022-08-29;9.8
Fv17 Rødhammer;SN72200;2022-08-30;9.7
Fv17 Rødhammer;SN72200;2022-08-31;9.2
Fv17 Rødhammer;SN72200;2022-09-01;8.3
Fv17 Rødhammer;SN72200;2022-09-02;7
Fv17 Rødhammer;SN72200;2022-09-03;6.2
Fv17 Rødhammer;SN72200;2022-09-04;7.7
Fv17 Rødhammer;SN72200;2022-09-05;8.1
Fv17 Rødhammer;SN72200;2022-09-06;7.6
Fv17 Rødhammer;SN72200;2022-09-07;7.5
Fv17 Rødhammer;SN72200;2022-09-08;8.5
Fv17 Rødhammer;SN72200;2022-09-09;8.2
Fv17 Rødhammer;SN72200;2022-09-10;6.8
Fv17 Rødhammer;SN72200;2022-09-11;8.7
Fv17 Rødhammer;SN72200;2022-09-12;8.1
Fv17 Rødhammer;SN72200;2022-09-13;10.2
Fv17 Rødhammer;SN72200;2022-09-14;10.8
Fv17 Rødhammer;SN72200;2022-09-15;9.8
Fv17 Rødhammer;SN72200;2022-09-16;10.2
Fv17 Rødhammer;SN72200;2022-09-17;9.5
Fv17 Rødhammer;SN72200;2022-09-18;9.1
Fv17 Rødhammer;SN72200;2022-09-19;8.1
Fv17 Rødhammer;SN72200;2022-09-20;6.1
Fv17 Rødhammer;SN72200;2022-09-21;5.3
Fv17 Rødhammer;SN72200;2022-09-22;8
Fv17 Rødhammer;SN72200;2022-09-23;9
Fv17 Rødhammer;SN72200;2022-09-24;6.3
Fv17 Rødhammer;SN72200;2022-09-25;7.2
Fv17 Rødhammer;SN72200;2022-09-26;11.5
Fv17 Rødhammer;SN72200;2022-09-27;11.4
Fv17 Rødhammer;SN72200;2022-09-28;9.9
Fv17 Rødhammer;SN72200;2022-09-29;6.4
Fv17 Rødhammer;SN72200;2022-09-30;8
Fv17 Rødhammer;SN72200;2022-10-01;10
Fv17 Rødhammer;SN72200;2022-10-02;8.6
Fv17 Rødhammer;SN72200;2022-10-03;8.6
Fv17 Rødhammer;SN72200;2022-10-04;9.1
Fv17 Rødhammer;SN72200;2022-10-05;8.1
Fv17 Rødhammer;SN72200;2022-10-06;7.5
Fv17 Rødhammer;SN72200;2022-10-07;7
Fv17 Rødhammer;SN72200;2022-10-08;5.6
Fv17 Rødhammer;SN72200;2022-10-09;5.6
Fv17 Rødhammer;SN72200;2022-10-10;7
Fv17 Rødhammer;SN72200;2022-10-11;5.1
Fv17 Rødhammer;SN72200;2022-10-12;4.4
Fv17 Rødhammer;SN72200;2022-10-13;5
Fv17 Rødhammer;SN72200;2022-10-14;2.8
Fv17 Rødhammer;SN72200;2022-10-15;2.5
Fv17 Rødhammer;SN72200;2022-10-16;1.4
Fv17 Rødhammer;SN72200;2022-10-17;1.3
Fv17 Rødhammer;SN72200;2022-10-18;2.2
Fv17 Rødhammer;SN72200;2022-10-19;5.1
Fv17 Rødhammer;SN72200;2022-10-20;4.8
Fv17 Rødhammer;SN72200;2022-10-21;1.7
Fv17 Rødhammer;SN72200;2022-10-22;1.1
Fv17 Rødhammer;SN72200;2022-10-23;0.9
Fv17 Rødhammer;SN72200;2022-10-24;-3.2
Fv17 Rødhammer;SN72200;2022-10-25;-0.3
Fv17 Rødhammer;SN72200;2022-10-26;4.9
Fv17 Rødhammer;SN72200;2022-10-27;6
Fv17 Rødhammer;SN72200;2022-10-28;8
Fv17 Rødhammer;SN72200;2022-10-29;5.5
Fv17 Rødhammer;SN72200;2022-10-30;1.9
Fv17 Rødhammer;SN72200;2022-10-31;4.2
Fv17 Rødhammer;SN72200;2022-11-01;2.7
Fv17 Rødhammer;SN72200;2022-11-02;4.1
Fv17 Rødhammer;SN72200;2022-11-03;4.1
Fv17 Rødhammer;SN72200;2022-11-04;7.7
Fv17 Rødhammer;SN72200;2022-11-09;-0.5
Fv17 Rødhammer;SN72200;2022-11-14;3.8
Fv17 Rødhammer;SN72200;2022-11-17;-5.6
Fv17 Rødhammer;SN72200;2022-11-18;-9.4
Fv17 Rødhammer;SN72200;2022-11-21;-12.7
Fv17 Rødhammer;SN72200;2022-11-22;-5.7
Fv17 Rødhammer;SN72200;2022-11-23;0
Fv17 Rødhammer;SN72200;2022-11-24;0.4
Fv17 Rødhammer;SN72200;2022-11-25;0.8
Fv17 Rødhammer;SN72200;2022-11-26;-1.1
Fv17 Rødhammer;SN72200;2022-11-27;0.3
Fv17 Rødhammer;SN72200;2022-11-28;3.3
Fv17 Rødhammer;SN72200;2022-11-29;1.9
Fv17 Rødhammer;SN72200;2022-11-30;-3.4
Fv17 Rødhammer;SN72200;2022-12-01;-5.7
Fv17 Rødhammer;SN72200;2022-12-02;-10.4
Fv17 Rødhammer;SN72200;2022-12-04;-9.4
Fv17 Rødhammer;SN72200;2022-12-05;-1.7
Fv17 Rødhammer;SN72200;2022-12-07;-1.5
Fv17 Rødhammer;SN72200;2022-12-08;-8.8
Fv17 Rødhammer;SN72200;2022-12-09;-13.7
Fv17 Rødhammer;SN72200;2022-12-10;-20.3
Fv17 Rødhammer;SN72200;2022-12-12;-18
Fv17 Rødhammer;SN72200;2022-12-13;-19
Fv17 Rødhammer;SN72200;2022-12-14;-12
Fv17 Rødhammer;SN72200;2022-12-15;-9.3
Fv17 Rødhammer;SN72200;2022-12-17;-11.2
Fv17 Rødhammer;SN72200;2022-12-18;-7
Fv17 Rødhammer;SN72200;2022-12-19;-8.7
Fv17 Rødhammer;SN72200;2022-12-20;-3.4
Fv17 Rødhammer;SN72200;2022-12-21;-3.4
Fv17 Rødhammer;SN72200;2022-12-22;-6.6
Fv17 Rødhammer;SN72200;2022-12-23;-6.2
Fv17 Rødhammer;SN72200;2022-12-24;-3.1
Fv17 Rødhammer;SN72200;2022-12-25;-11.1
Fv17 Rødhammer;SN72200;2022-12-26;-5.3
Fv17 Rødhammer;SN72200;2022-12-27;-0.2
Fv17 Rødhammer;SN72200;2022-12-28;-8.5
Fv17 Rødhammer;SN72200;2022-12-29;-2.7
Fv17 Rødhammer;SN72200;2023-01-04;-10.9
Fv17 Rødhammer;SN72200;2023-01-06;-4.6
Fv17 Rødhammer;SN72200;2023-01-11;0.8
Fv17 Rødhammer;SN72200;2023-01-12;2.9
Fv17 Rødhammer;SN72200;2023-01-13;-0.7
Fv17 Rødhammer;SN72200;2023-01-14;-3
Fv17 Rødhammer;SN72200;2023-01-18;-4.3
Fv17 Rødhammer;SN72200;2023-01-20;-1.5
Fv17 Rødhammer;SN72200;2023-01-24;1.9
Fv17 Rødhammer;SN72200;2023-01-25;4.6
Fv17 Rødhammer;SN72200;2023-01-27;0
Fv17 Rødhammer;SN72200;2023-01-28;1
Fv17 Rødhammer;SN72200;2023-01-30;0.4
Fv17 Rødhammer;SN72200;2023-01-31;-0.8
Fv17 Rødhammer;SN72200;2023-02-01;-4.5
Fv17 Rødhammer;SN72200;2023-02-02;-4.8
Fv17 Rødhammer;SN72200;2023-02-04;-12.1
Fv17 Rødhammer;SN72200;2023-02-06;1.4
Fv17 Rødhammer;SN72200;2023-02-07;1.6
Fv17 Rødhammer;SN72200;2023-02-08;2.3
Fv17 Rødhammer;SN72200;2023-02-09;0.4
Fv17 Rødhammer;SN72200;2023-02-10;-2
Fv17 Rødhammer;SN72200;2023-02-12;4.6
Fv17 Rødhammer;SN72200;2023-02-13;5
Fv17 Rødhammer;SN72200;2023-02-14;0.7
Fv17 Rødhammer;SN72200;2023-02-15;-1.8
Fv17 Rødhammer;SN72200;2023-02-16;1.2
Fv17 Rødhammer;SN72200;2023-02-17;-0.7
Fv17 Rødhammer;SN72200;2023-02-18;-0.2
Fv17 Rødhammer;SN72200;2023-02-19;-1.2
Fv17 Rødhammer;SN72200;2023-02-20;-3.5
Fv17 Rødhammer;SN72200;2023-02-21;-10.7
Fv17 Rødhammer;SN72200;2023-02-22;-6.8
Fv17 Rødhammer;SN72200;2023-02-23;-0.8
Fv17 Rødhammer;SN72200;2023-02-24;-1.7
Fv17 Rødhammer;SN72200;2023-02-25;-2.5
Fv17 Rødhammer;SN72200;2023-02-26;0.9
Fv17 Rødhammer;SN72200;2023-02-27;3.2
Fv17 Rødhammer;SN72200;2023-02-28;1.9
Fv17 Rødhammer;SN72200;2023-03-01;3.1
Fv17 Rødhammer;SN72200;2023-03-02;3.1
Fv17 Rødhammer;SN72200;2023-03-04;-1.7
Fv17 Rødhammer;SN72200;2023-03-05;-4.9
Fv17 Rødhammer;SN72200;2023-03-06;-9.8
Fv17 Rødhammer;SN72200;2023-03-08;-14.2
Fv17 Rødhammer;SN72200;2023-03-09;-15.1
Fv17 Rødhammer;SN72200;2023-03-10;-6.4
Fv17 Rødhammer;SN72200;2023-03-11;-4.2
Fv17 Rødhammer;SN72200;2023-03-13;-5
Fv17 Rødhammer;SN72200;2023-03-14;-3.2
Fv17 Rødhammer;SN72200;2023-03-17;0.9
Fv17 Rødhammer;SN72200;2023-03-19;-0.5
Fv17 Rødhammer;SN72200;2023-03-20;0.3
Fv17 Rødhammer;SN72200;2023-03-21;-0.9
Fv17 Rødhammer;SN72200;2023-03-22;-1.8
Fv17 Rødhammer;SN72200;2023-03-23;-1.8
Fv17 Rødhammer;SN72200;2023-03-24;-3
Fv17 Rødhammer;SN72200;2023-03-25;-9.6
Fv17 Rødhammer;SN72200;2023-03-27;-7.9
Fv17 Rødhammer;SN72200;2023-03-28;-10.5
Fv17 Rødhammer;SN72200;2023-03-30;-11
Fv17 Rødhammer;SN72200;2023-03-31;-8
Fv17 Rødhammer;SN72200;2023-04-01;-5.3
Fv17 Rødhammer;SN72200;2023-04-04;2.1
Fv17 Rødhammer;SN72200;2023-04-05;2.9
Fv17 Rødhammer;SN72200;2023-04-06;3
Fv17 Rødhammer;SN72200;2023-04-07;1
Fv17 Rødhammer;SN72200;2023-04-09;2.4
Fv17 Rødhammer;SN72200;2023-04-10;4.3
Fv17 Rødhammer;SN72200;2023-04-11;6.5
Fv17 Rødhammer;SN72200;2023-04-12;6.6
Fv17 Rødhammer;SN72200;2023-04-14;5.1
Fv17 Rødhammer;SN72200;2023-04-15;5.4
Fv17 Rødhammer;SN72200;2023-04-16;3.3
Fv17 Rødhammer;SN72200;2023-04-17;3.6
Fv17 Rødhammer;SN72200;2023-04-18;4.6
Fv17 Rødhammer;SN72200;2023-04-19;5
Fv17 Rødhammer;SN72200;2023-04-20;5.9
Fv17 Rødhammer;SN72200;2023-04-21;5.4
Fv17 Rødhammer;SN72200;2023-04-22;2.3
Fv17 Rødhammer;SN72200;2023-04-23;0.6
Fv17 Rødhammer;SN72200;2023-04-24;0.4
Fv17 Rødhammer;SN72200;2023-04-25;-0.6
Fv17 Rødhammer;SN72200;2023-04-26;0.7
Fv17 Rødhammer;SN72200;2023-04-27;1.4
Fv17 Rødhammer;SN72200;2023-04-28;1.9
Fv17 Rødhammer;SN72200;2023-04-29;1.1
Fv17 Rødhammer;SN72200;2023-04-30;1.4
Fv17 Rødhammer;SN72200;2023-05-01;1.7
Fv17 Rødhammer;SN72200;2023-05-02;3.3
Fv17 Rødhammer;SN72200;2023-05-03;0.7
Fv17 Rødhammer;SN72200;2023-05-04;0.9
Fv17 Rødhammer;SN72200;2023-05-05;2.6
Fv17 Rødhammer;SN72200;2023-05-06;4.8
Fv17 Rødhammer;SN72200;2023-05-08;8
Fv17 Rødhammer;SN72200;2023-05-09;10.3
Fv17 Rødhammer;SN72200;2023-05-10;12
Fv17 Rødhammer;SN72200;2023-05-11;9.1
Fv17 Rødhammer;SN72200;2023-05-12;9.6
Fv17 Rødhammer;SN72200;2023-05-13;9.2
Fv17 Rødhammer;SN72200;2023-05-14;11.8
Fv17 Rødhammer;SN72200;2023-05-15;10.1
Fv17 Rødhammer;SN72200;2023-05-16;6.5
Fv17 Rødhammer;SN72200;2023-05-17;3.6
Fv17 Rødhammer;SN72200;2023-05-18;8.1
Fv17 Rødhammer;SN72200;2023-05-19;10.6
Fv17 Rødhammer;SN72200;2023-05-20;11.3
Fv17 Rødhammer;SN72200;2023-05-21;9.8
Fv17 Rødhammer;SN72200;2023-05-22;12.5
Fv17 Rødhammer;SN72200;2023-05-23;7.5
Fv17 Rødhammer;SN72200;2023-05-24;6.2
Fv17 Rødhammer;SN72200;2023-05-25;5
Fv17 Rødhammer;SN72200;2023-05-26;4.4
Fv17 Rødhammer;SN72200;2023-05-29;5.4
Fv17 Rødhammer;SN72200;2023-05-30;7.4
Fv17 Rødhammer;SN72200;2023-05-31;5.5
Fv17 Rødhammer;SN72200;2023-06-02;6.2
Fv17 Rødhammer;SN72200;2023-06-03;6.7
Fv17 Rødhammer;SN72200;2023-06-04;7.4
Fv17 Rødhammer;SN72200;2023-06-05;7
Fv17 Rødhammer;SN72200;2023-06-06;7.5
Fv17 Rødhammer;SN72200;2023-06-07;7.9
Fv17 Rødhammer;SN72200;2023-06-08;6.9
Fv17 Rødhammer;SN72200;2023-06-10;14.7
Fv17 Rødhammer;SN72200;2023-06-12;15.4
Fv17 Rødhammer;SN72200;2023-06-13;13.8
Fv17 Rødhammer;SN72200;2023-06-14;12.4
Fv17 Rødhammer;SN72200;2023-06-15;12.8
Fv17 Rødhammer;SN72200;2023-06-16;13.5
Fv17 Rødhammer;SN72200;2023-06-17;15.5
Fv17 Rødhammer;SN72200;2023-06-18;19.4
Fv17 Rødhammer;SN72200;2023-06-19;21.1
Fv17 Rødhammer;SN72200;2023-06-20;20.2
Fv17 Rødhammer;SN72200;2023-06-21;20.8
Fv17 Rødhammer;SN72200;2023-06-22;14.6
Fv17 Rødhammer;SN72200;2023-06-23;10.6
Fv17 Rødhammer;SN72200;2023-06-24;11.8
Fv17 Rødhammer;SN72200;2023-06-25;15.3
Fv17 Rødhammer;SN72200;2023-06-26;21
Fv17 Rødhammer;SN72200;2023-06-27;18
Fv17 Rødhammer;SN72200;2023-06-28;17.6
Fv17 Rødhammer;SN72200;2023-06-29;13.5
Fv17 Rødhammer;SN72200;2023-06-30;12
Fv17 Rødhammer;SN72200;2023-07-01;13.8
Fv17 Rødhammer;SN72200;2023-07-02;15.6
Fv17 Rødhammer;SN72200;2023-07-03;12.7
Fv17 Rødhammer;SN72200;2023-07-04;11.2
Fv17 Rødhammer;SN72200;2023-07-06;13.8
Fv17 Rødhammer;SN72200;2023-07-07;14.6
Fv17 Rødhammer;SN72200;2023-07-08;13.5
Fv17 Rødhammer;SN72200;2023-07-09;15.4
Fv17 Rødhammer;SN72200;2023-07-10;19
Fv17 Rødhammer;SN72200;2023-07-11;19.8
Fv17 Rødhammer;SN72200;2023-07-12;18.5
Fv17 Rødhammer;SN72200;2023-07-14;12
Fv17 Rødhammer;SN72200;2023-07-15;15.6
Fv17 Rødhammer;SN72200;2023-07-16;16
Fv17 Rødhammer;SN72200;2023-07-21;11.3
Fv17 Rødhammer;SN72200;2023-07-22;12.2
Fv17 Rødhammer;SN72200;2023-07-23;11.9
Fv17 Rødhammer;SN72200;2023-07-25;13.2
Fv17 Rødhammer;SN72200;2023-07-26;14.5
Fv17 Rødhammer;SN72200;2023-07-27;15.4
Fv17 Rødhammer;SN72200;2023-07-30;14.8
Fv17 Rødhammer;SN72200;2023-08-03;14.8
Fv17 Rødhammer;SN72200;2023-08-04;12.7
Fv17 Rødhammer;SN72200;2023-08-05;12.5
Fv17 Rødhammer;SN72200;2023-08-06;13.5
Fv17 Rødhammer;SN72200;2023-08-07;12.2
Fv17 Rødhammer;SN72200;2023-08-08;18.5
Fv17 Rødhammer;SN72200;2023-08-13;15.7
Fv17 Rødhammer;SN72200;2023-08-15;14.3
Fv17 Rødhammer;SN72200;2023-08-20;16.6
Fv17 Rødhammer;SN72200;2023-08-21;15.1
Fv17 Rødhammer;SN72200;2023-08-22;14.2
Fv17 Rødhammer;SN72200;2023-08-23;13.8
Fv17 Rødhammer;SN72200;2023-08-24;13.3
Fv17 Rødhammer;SN72200;2023-08-25;13.1
Fv17 Rødhammer;SN72200;2023-08-26;14.2
Fv17 Rødhammer;SN72200;2023-08-28;13.6
Fv17 Rødhammer;SN72200;2023-08-29;12
Fv17 Rødhammer;SN72200;2023-08-30;10.2
Fv17 Rødhammer;SN72200;2023-08-31;9.8
Fv17 Rødhammer;SN72200;2023-09-01;11.2
Fv17 Rødhammer;SN72200;2023-09-02;9.3
Fv17 Rødhammer;SN72200;2023-09-03;10
Fv17 Rødhammer;SN72200;2023-09-04;11
Fv17 Rødhammer;SN72200;2023-09-05;8.6
Fv17 Rødhammer;SN72200;2023-09-06;9.1
Fv17 Rødhammer;SN72200;2023-09-08;14.7
Fv17 Rødhammer;SN72200;2023-09-09;16.2
Fv17 Rødhammer;SN72200;2023-09-10;12.7
Fv17 Rødhammer;SN72200;2023-09-11;13
Fv17 Rødhammer;SN72200;2023-09-13;6.8
Fv17 Rødhammer;SN72200;2023-09-16;8.3
Fv17 Rødhammer;SN72200;2023-09-17;7.1
Fv17 Rødhammer;SN72200;2023-09-18;9.2
Fv17 Rødhammer;SN72200;2023-09-19;12.5
Fv17 Rødhammer;SN72200;2023-09-20;9.4
Fv17 Rødhammer;SN72200;2023-09-21;9.6
Fv17 Rødhammer;SN72200;2023-09-22;9.6
Fv17 Rødhammer;SN72200;2023-09-23;7.7
Fv17 Rødhammer;SN72200;2023-09-24;8.3
Fv17 Rødhammer;SN72200;2023-09-25;9.6
Fv17 Rødhammer;SN72200;2023-09-26;10.2
Fv17 Rødhammer;SN72200;2023-09-28;9.5
Fv17 Rødhammer;SN72200;2023-09-29;9.9
Fv17 Rødhammer;SN72200;2023-09-30;8.7
Fv17 Rødhammer;SN72200;2023-10-01;6.9
Fv17 Rødhammer;SN72200;2023-10-02;6.7
Fv17 Rødhammer;SN72200;2023-10-03;7.5
Fv17 Rødhammer;SN72200;2023-10-04;5.2
Fv17 Rødhammer;SN72200;2023-10-05;1.6
Fv17 Rødhammer;SN72200;2023-10-06;2.4
Fv17 Rødhammer;SN72200;2023-10-07;1.9
Fv17 Rødhammer;SN72200;2023-10-08;2.6
Fv17 Rødhammer;SN72200;2023-10-09;2.6
Fv17 Rødhammer;SN72200;2023-10-10;5.7
Fv17 Rødhammer;SN72200;2023-10-11;5.8
Fv17 Rødhammer;SN72200;2023-10-13;4.5
Fv17 Rødhammer;SN72200;2023-10-14;3.4
Fv17 Rødhammer;SN72200;2023-10-15;3
Fv17 Rødhammer;SN72200;2023-10-16;1.7
Fv17 Rødhammer;SN72200;2023-10-17;3.2
Fv17 Rødhammer;SN72200;2023-10-18;-1.3
Fv17 Rødhammer;SN72200;2023-10-19;-3.1
Data er gyldig per 20.10.2023 (CC BY 4.0), Meteorologisk institutt (MET);;;
