Name;Station;Time;Max_temp;Mean_temp;Min_temp
Namsos Lufthavn;SN72580;2019-01-01;7.5;2.5;0.8
Namsos Lufthavn;SN72580;2019-01-02;3.2;0.7;-1.6
Namsos Lufthavn;SN72580;2019-01-03;7.6;4.2;-0.1
Namsos Lufthavn;SN72580;2019-01-04;7.6;5.8;4.1
Namsos Lufthavn;SN72580;2019-01-05;5.2;3.8;2.7
Namsos Lufthavn;SN72580;2019-01-06;6.9;4.6;2.4
Namsos Lufthavn;SN72580;2019-01-07;4.9;1.7;0.8
Namsos Lufthavn;SN72580;2019-01-08;1.9;0.6;-0.7
Namsos Lufthavn;SN72580;2019-01-09;2.1;0.2;-1.7
Namsos Lufthavn;SN72580;2019-01-10;7.8;3.8;-0.9
Namsos Lufthavn;SN72580;2019-01-11;7.3;2.7;0.9
Namsos Lufthavn;SN72580;2019-01-12;3.3;0.1;-1.7
Namsos Lufthavn;SN72580;2019-01-13;0.9;-1.4;-5.5
Namsos Lufthavn;SN72580;2019-01-14;0;-2;-6.5
Namsos Lufthavn;SN72580;2019-01-15;-0.6;-4.9;-8
Namsos Lufthavn;SN72580;2019-01-16;-5;-7.3;-10.3
Namsos Lufthavn;SN72580;2019-01-17;-0.3;-5.7;-11.9
Namsos Lufthavn;SN72580;2019-01-18;0.5;-1.8;-6.4
Namsos Lufthavn;SN72580;2019-01-19;-0.6;-2.5;-6.5
Namsos Lufthavn;SN72580;2019-01-20;-0.7;-6.6;-9.5
Namsos Lufthavn;SN72580;2019-01-21;-6.7;-8.1;-11.4
Namsos Lufthavn;SN72580;2019-01-22;-4.7;-7;-8.7
Namsos Lufthavn;SN72580;2019-01-23;-6.5;-9.2;-13.3
Namsos Lufthavn;SN72580;2019-01-24;-4.1;-5;-7.6
Namsos Lufthavn;SN72580;2019-01-25;-1.6;-3.5;-5.1
Namsos Lufthavn;SN72580;2019-01-26;-3;-5.5;-7
Namsos Lufthavn;SN72580;2019-01-27;-6;-6.9;-7.9
Namsos Lufthavn;SN72580;2019-01-28;-3.2;-6.1;-8.2
Namsos Lufthavn;SN72580;2019-01-29;-4;-6.1;-8.6
Namsos Lufthavn;SN72580;2019-01-30;-5.7;-6.9;-8.1
Namsos Lufthavn;SN72580;2019-01-31;-3.5;-6.1;-9.3
Namsos Lufthavn;SN72580;2019-02-01;-1.8;-4.6;-8
Namsos Lufthavn;SN72580;2019-02-02;-3.5;-6.1;-7.6
Namsos Lufthavn;SN72580;2019-02-03;-5.9;-7.4;-8.3
Namsos Lufthavn;SN72580;2019-02-04;-7.3;-8.6;-9
Namsos Lufthavn;SN72580;2019-02-05;-8.4;-12.5;-15.8
Namsos Lufthavn;SN72580;2019-02-06;-1;-5.3;-10.8
Namsos Lufthavn;SN72580;2019-02-07;-1.1;-3.5;-4.8
Namsos Lufthavn;SN72580;2019-02-08;0.3;-1.7;-6.5
Namsos Lufthavn;SN72580;2019-02-09;-0.1;-1.1;-2.5
Namsos Lufthavn;SN72580;2019-02-10;-1.4;-1.9;-4.5
Namsos Lufthavn;SN72580;2019-02-11;1.2;0.1;-3.8
Namsos Lufthavn;SN72580;2019-02-12;1.8;0.1;-1.2
Namsos Lufthavn;SN72580;2019-02-13;6.9;5.3;-0.4
Namsos Lufthavn;SN72580;2019-02-14;8.9;6.4;2.2
Namsos Lufthavn;SN72580;2019-02-15;7.9;3.5;0.9
Namsos Lufthavn;SN72580;2019-02-16;6.7;3.9;0.2
Namsos Lufthavn;SN72580;2019-02-17;3.9;1.2;-2.2
Namsos Lufthavn;SN72580;2019-02-18;4.5;2.1;0.4
Namsos Lufthavn;SN72580;2019-02-19;4.4;1.7;-0.1
Namsos Lufthavn;SN72580;2019-02-20;2.5;-0.1;-2.3
Namsos Lufthavn;SN72580;2019-02-21;-1.2;-1.9;-3.4
Namsos Lufthavn;SN72580;2019-02-22;1.6;0.8;-2.7
Namsos Lufthavn;SN72580;2019-02-23;8.6;4.6;0.7
Namsos Lufthavn;SN72580;2019-02-24;7.4;5.1;0
Namsos Lufthavn;SN72580;2019-02-25;7.8;6.1;4.4
Namsos Lufthavn;SN72580;2019-02-26;7.8;5.5;3.5
Namsos Lufthavn;SN72580;2019-02-27;7.7;5.5;3.7
Namsos Lufthavn;SN72580;2019-02-28;5.3;1.8;-1.4
Namsos Lufthavn;SN72580;2019-03-01;1.6;0.2;-1.6
Namsos Lufthavn;SN72580;2019-03-02;3.7;1;-0.7
Namsos Lufthavn;SN72580;2019-03-03;-0.3;-3.4;-4.4
Namsos Lufthavn;SN72580;2019-03-04;-2.4;-5.2;-6.9
Namsos Lufthavn;SN72580;2019-03-05;-3.4;-8.3;-11.7
Namsos Lufthavn;SN72580;2019-03-06;-4;-9.7;-15
Namsos Lufthavn;SN72580;2019-03-07;-3;-5.6;-10.5
Namsos Lufthavn;SN72580;2019-03-08;0.3;-3.1;-6.7
Namsos Lufthavn;SN72580;2019-03-09;-0.9;-6.8;-9.5
Namsos Lufthavn;SN72580;2019-03-10;-2.3;-8;-13
Namsos Lufthavn;SN72580;2019-03-11;-1.4;-6.1;-9.6
Namsos Lufthavn;SN72580;2019-03-12;0.1;-5.7;-15.1
Namsos Lufthavn;SN72580;2019-03-13;0.2;-1.5;-3.7
Namsos Lufthavn;SN72580;2019-03-14;2.7;0.2;-1.5
Namsos Lufthavn;SN72580;2019-03-15;6;1.4;-0.8
Namsos Lufthavn;SN72580;2019-03-16;3.3;0.8;-1.5
Namsos Lufthavn;SN72580;2019-03-17;1.1;0.3;-1.5
Namsos Lufthavn;SN72580;2019-03-18;3.4;0.9;-3
Namsos Lufthavn;SN72580;2019-03-19;6.6;2;-3
Namsos Lufthavn;SN72580;2019-03-20;5.7;3.6;0.8
Namsos Lufthavn;SN72580;2019-03-21;6.4;3.9;1.9
Namsos Lufthavn;SN72580;2019-03-22;7.6;4;0.4
Namsos Lufthavn;SN72580;2019-03-23;8;3.5;1.9
Namsos Lufthavn;SN72580;2019-03-24;4.1;2.4;0.6
Namsos Lufthavn;SN72580;2019-03-25;3.4;1;-1.8
Namsos Lufthavn;SN72580;2019-03-26;4.7;1.1;-3
Namsos Lufthavn;SN72580;2019-03-27;7.4;5.6;0.2
Namsos Lufthavn;SN72580;2019-03-28;11.6;7.8;4.5
Namsos Lufthavn;SN72580;2019-03-29;9.4;4.8;2.5
Namsos Lufthavn;SN72580;2019-03-30;4.7;2;0.4
Namsos Lufthavn;SN72580;2019-03-31;3.2;0.5;-1.3
Namsos Lufthavn;SN72580;2019-04-01;4.8;2.4;-0.8
Namsos Lufthavn;SN72580;2019-04-02;6.1;2.7;-0.4
Namsos Lufthavn;SN72580;2019-04-03;11.6;3.8;-0.7
Namsos Lufthavn;SN72580;2019-04-04;7.4;3.1;-0.1
Namsos Lufthavn;SN72580;2019-04-05;7.2;4.3;0.4
Namsos Lufthavn;SN72580;2019-04-06;7.4;4.1;1
Namsos Lufthavn;SN72580;2019-04-07;5.7;3.7;3.4
Namsos Lufthavn;SN72580;2019-04-08;5.2;0.9;-4
Namsos Lufthavn;SN72580;2019-04-09;3;-0.1;-1.9
Namsos Lufthavn;SN72580;2019-04-10;3.2;-0.7;-4
Namsos Lufthavn;SN72580;2019-04-11;6.7;-0.4;-6.2
Namsos Lufthavn;SN72580;2019-04-12;7.7;0.4;-5.5
Namsos Lufthavn;SN72580;2019-04-13;9.7;2.2;-4.1
Namsos Lufthavn;SN72580;2019-04-14;12.2;3.5;-3
Namsos Lufthavn;SN72580;2019-04-15;14.5;4.4;-2.9
Namsos Lufthavn;SN72580;2019-04-16;15.4;7;-1
Namsos Lufthavn;SN72580;2019-04-17;16.2;8;0.9
Namsos Lufthavn;SN72580;2019-04-18;15.1;7.6;-0.8
Namsos Lufthavn;SN72580;2019-04-19;14.8;9.7;6.3
Namsos Lufthavn;SN72580;2019-04-20;19;10.1;0.8
Namsos Lufthavn;SN72580;2019-04-21;11.8;7.9;6.7
Namsos Lufthavn;SN72580;2019-04-22;20.5;10.4;5.3
Namsos Lufthavn;SN72580;2019-04-23;20.3;11.8;2.1
Namsos Lufthavn;SN72580;2019-04-24;18.9;12.8;4.7
Namsos Lufthavn;SN72580;2019-04-25;18.9;14.3;8.5
Namsos Lufthavn;SN72580;2019-04-26;18.6;13.9;9.8
Namsos Lufthavn;SN72580;2019-04-27;20.1;14.1;6.8
Namsos Lufthavn;SN72580;2019-04-28;20.8;14.3;10.3
Namsos Lufthavn;SN72580;2019-04-29;18.1;10.6;4.7
Namsos Lufthavn;SN72580;2019-04-30;11.1;7.3;6.5
Namsos Lufthavn;SN72580;2019-05-01;6.5;5;3.9
Namsos Lufthavn;SN72580;2019-05-02;5.4;2.4;0.8
Namsos Lufthavn;SN72580;2019-05-03;5.2;2.3;-0.9
Namsos Lufthavn;SN72580;2019-05-04;4.7;2.6;1.5
Namsos Lufthavn;SN72580;2019-05-05;6.2;2.2;0.5
Namsos Lufthavn;SN72580;2019-05-06;7.5;2.4;-2.6
Namsos Lufthavn;SN72580;2019-05-07;6.7;2;-2.7
Namsos Lufthavn;SN72580;2019-05-08;7.3;3.3;0.7
Namsos Lufthavn;SN72580;2019-05-09;10.2;6.3;-0.4
Namsos Lufthavn;SN72580;2019-05-10;11.9;9.5;6
Namsos Lufthavn;SN72580;2019-05-11;10.3;5.9;5
Namsos Lufthavn;SN72580;2019-05-12;8.2;5.4;3.9
Namsos Lufthavn;SN72580;2019-05-13;7.2;4.7;2.5
Namsos Lufthavn;SN72580;2019-05-14;8.2;6.2;3.8
Namsos Lufthavn;SN72580;2019-05-15;10.9;8.2;6.2
Namsos Lufthavn;SN72580;2019-05-16;13.6;9.3;6.9
Namsos Lufthavn;SN72580;2019-05-17;24;13.2;2.6
Namsos Lufthavn;SN72580;2019-05-18;23.6;17;9.2
Namsos Lufthavn;SN72580;2019-05-19;21.2;12.9;10.1
Namsos Lufthavn;SN72580;2019-05-20;19.1;14;8.9
Namsos Lufthavn;SN72580;2019-05-21;23.7;16.4;8.8
Namsos Lufthavn;SN72580;2019-05-22;25.1;18.5;11.4
Namsos Lufthavn;SN72580;2019-05-23;17.1;10.8;8.6
Namsos Lufthavn;SN72580;2019-05-24;18.5;11.6;7.9
Namsos Lufthavn;SN72580;2019-05-25;11.3;8.2;6.8
Namsos Lufthavn;SN72580;2019-05-26;9.2;6.5;5.4
Namsos Lufthavn;SN72580;2019-05-27;9.7;5.8;2.7
Namsos Lufthavn;SN72580;2019-05-28;11.1;6.2;-0.2
Namsos Lufthavn;SN72580;2019-05-29;8.7;5.2;1.2
Namsos Lufthavn;SN72580;2019-05-30;11.6;6.1;3.3
Namsos Lufthavn;SN72580;2019-05-31;9.7;6.9;3
Namsos Lufthavn;SN72580;2019-06-01;11.7;8.4;6
Namsos Lufthavn;SN72580;2019-06-02;13.8;10.1;5.5
Namsos Lufthavn;SN72580;2019-06-03;20.7;14.3;10.1
Namsos Lufthavn;SN72580;2019-06-04;16.9;12.4;8.5
Namsos Lufthavn;SN72580;2019-06-05;19.9;14.9;8
Namsos Lufthavn;SN72580;2019-06-06;22.2;17.6;10.7
Namsos Lufthavn;SN72580;2019-06-07;23.5;15.5;11.4
Namsos Lufthavn;SN72580;2019-06-08;21.1;14.5;10
Namsos Lufthavn;SN72580;2019-06-09;19.7;15.5;12.4
Namsos Lufthavn;SN72580;2019-06-10;17.9;11.7;10.1
Namsos Lufthavn;SN72580;2019-06-11;15.1;11;8.7
Namsos Lufthavn;SN72580;2019-06-12;21.1;13.9;4.2
Namsos Lufthavn;SN72580;2019-06-13;16.4;13.1;8.1
Namsos Lufthavn;SN72580;2019-06-14;19.3;14.7;12.3
Namsos Lufthavn;SN72580;2019-06-15;19.7;15.4;12.3
Namsos Lufthavn;SN72580;2019-06-16;26.6;18.2;8.9
Namsos Lufthavn;SN72580;2019-06-17;21.3;13.4;11.2
Namsos Lufthavn;SN72580;2019-06-18;20;13.6;10.7
Namsos Lufthavn;SN72580;2019-06-19;18.7;13.6;9.3
Namsos Lufthavn;SN72580;2019-06-20;21.9;16.7;12.9
Namsos Lufthavn;SN72580;2019-06-21;20.3;12.8;12
Namsos Lufthavn;SN72580;2019-06-22;14;11.3;10
Namsos Lufthavn;SN72580;2019-06-23;12.5;10.8;9.6
Namsos Lufthavn;SN72580;2019-06-24;14.9;11.3;8.9
Namsos Lufthavn;SN72580;2019-06-25;20.4;13.5;5.1
Namsos Lufthavn;SN72580;2019-06-26;16.6;10.4;8.8
Namsos Lufthavn;SN72580;2019-06-27;12.5;10.4;8.8
Namsos Lufthavn;SN72580;2019-06-28;13.5;11.3;9
Namsos Lufthavn;SN72580;2019-06-29;12.6;10.4;8.9
Namsos Lufthavn;SN72580;2019-06-30;14.8;11.4;8.4
Namsos Lufthavn;SN72580;2019-07-01;14.7;9.5;8.2
Namsos Lufthavn;SN72580;2019-07-02;9.6;7.6;5.5
Namsos Lufthavn;SN72580;2019-07-03;9.1;7.7;6.1
Namsos Lufthavn;SN72580;2019-07-04;12.8;9.4;5.9
Namsos Lufthavn;SN72580;2019-07-05;12.3;10.5;9.4
Namsos Lufthavn;SN72580;2019-07-06;11.3;10.2;9.2
Namsos Lufthavn;SN72580;2019-07-07;14.6;11.4;8.9
Namsos Lufthavn;SN72580;2019-07-08;15.4;12.2;10.3
Namsos Lufthavn;SN72580;2019-07-09;14.5;11.9;10.7
Namsos Lufthavn;SN72580;2019-07-10;14.9;11.7;10
Namsos Lufthavn;SN72580;2019-07-11;15.6;11.9;10.2
Namsos Lufthavn;SN72580;2019-07-12;13.3;11.6;10
Namsos Lufthavn;SN72580;2019-07-13;13.6;11.4;10.3
Namsos Lufthavn;SN72580;2019-07-14;12.2;10.6;9.7
Namsos Lufthavn;SN72580;2019-07-15;12.2;10.5;8.9
Namsos Lufthavn;SN72580;2019-07-16;14.5;11.8;9.6
Namsos Lufthavn;SN72580;2019-07-17;17.2;12.7;8
Namsos Lufthavn;SN72580;2019-07-18;25.8;17.5;7.4
Namsos Lufthavn;SN72580;2019-07-19;24.9;19.2;15.7
Namsos Lufthavn;SN72580;2019-07-20;25.6;18.9;13.2
Namsos Lufthavn;SN72580;2019-07-21;25.4;20.1;17.6
Namsos Lufthavn;SN72580;2019-07-22;22.6;17.4;12.7
Namsos Lufthavn;SN72580;2019-07-23;21.2;18.7;17.6
Namsos Lufthavn;SN72580;2019-07-24;25.2;20.4;15.6
Namsos Lufthavn;SN72580;2019-07-25;31.5;23.8;18.9
Namsos Lufthavn;SN72580;2019-07-26;28.1;20.9;15.4
Namsos Lufthavn;SN72580;2019-07-27;33.9;26.8;18.9
Namsos Lufthavn;SN72580;2019-07-28;33.7;26.5;17.9
Namsos Lufthavn;SN72580;2019-07-29;31.8;22.7;19
Namsos Lufthavn;SN72580;2019-07-30;19.9;16;12.7
Namsos Lufthavn;SN72580;2019-07-31;21.1;16.8;13.5
Namsos Lufthavn;SN72580;2019-08-01;22.9;16.2;10
Namsos Lufthavn;SN72580;2019-08-02;17.5;13.3;9.8
Namsos Lufthavn;SN72580;2019-08-03;14.3;12.7;11
Namsos Lufthavn;SN72580;2019-08-04;15.5;12.7;10.5
Namsos Lufthavn;SN72580;2019-08-05;14.2;12.5;11.1
Namsos Lufthavn;SN72580;2019-08-06;19.5;14;10.2
Namsos Lufthavn;SN72580;2019-08-07;23.2;14.9;7.9
Namsos Lufthavn;SN72580;2019-08-08;20.1;15.1;11.2
Namsos Lufthavn;SN72580;2019-08-09;17;14.6;13.7
Namsos Lufthavn;SN72580;2019-08-10;22.6;18.1;11.7
Namsos Lufthavn;SN72580;2019-08-11;24;19.5;15.4
Namsos Lufthavn;SN72580;2019-08-12;21.1;15.2;14.6
Namsos Lufthavn;SN72580;2019-08-13;15.4;13.3;12.7
Namsos Lufthavn;SN72580;2019-08-14;15.4;11.5;10.2
Namsos Lufthavn;SN72580;2019-08-15;18.6;12.8;7.2
Namsos Lufthavn;SN72580;2019-08-16;17.2;13.1;9.4
Namsos Lufthavn;SN72580;2019-08-17;20.3;16.1;10.4
Namsos Lufthavn;SN72580;2019-08-18;18.7;15.3;12
Namsos Lufthavn;SN72580;2019-08-19;21.2;15;10
Namsos Lufthavn;SN72580;2019-08-20;18.8;14.3;9.8
Namsos Lufthavn;SN72580;2019-08-21;16.4;12.6;11.6
Namsos Lufthavn;SN72580;2019-08-22;20.5;13.9;7
Namsos Lufthavn;SN72580;2019-08-23;17.7;13;8.9
Namsos Lufthavn;SN72580;2019-08-24;19.3;13.2;6.8
Namsos Lufthavn;SN72580;2019-08-25;16.1;14;13.6
Namsos Lufthavn;SN72580;2019-08-26;21.8;16;11
Namsos Lufthavn;SN72580;2019-08-27;25.1;17.8;11.3
Namsos Lufthavn;SN72580;2019-08-28;28.5;21.2;13.6
Namsos Lufthavn;SN72580;2019-08-29;25.3;17.7;13.9
Namsos Lufthavn;SN72580;2019-08-30;20.9;15.2;9.6
Namsos Lufthavn;SN72580;2019-08-31;19;16.8;13.8
Namsos Lufthavn;SN72580;2019-09-01;20.7;15.8;12.7
Namsos Lufthavn;SN72580;2019-09-02;13.9;10.7;9.1
Namsos Lufthavn;SN72580;2019-09-03;15.1;9.4;4.9
Namsos Lufthavn;SN72580;2019-09-04;15.2;11.5;7.7
Namsos Lufthavn;SN72580;2019-09-05;12.1;9.7;9.2
Namsos Lufthavn;SN72580;2019-09-06;11.9;9.4;8.2
Namsos Lufthavn;SN72580;2019-09-07;13;8.3;4.2
Namsos Lufthavn;SN72580;2019-09-08;15.8;8.3;2.7
Namsos Lufthavn;SN72580;2019-09-09;18.6;12.8;5.7
Namsos Lufthavn;SN72580;2019-09-10;20.7;15.6;11.7
Namsos Lufthavn;SN72580;2019-09-11;21.5;16.3;13.6
Namsos Lufthavn;SN72580;2019-09-12;16.1;11.4;10.3
Namsos Lufthavn;SN72580;2019-09-13;11.6;9;8.3
Namsos Lufthavn;SN72580;2019-09-14;11.9;9.1;7
Namsos Lufthavn;SN72580;2019-09-15;11.5;9.9;7.7
Namsos Lufthavn;SN72580;2019-09-16;10.7;8.9;8.3
Namsos Lufthavn;SN72580;2019-09-17;11.6;9;6.5
Namsos Lufthavn;SN72580;2019-09-18;10.7;7.9;7.1
Namsos Lufthavn;SN72580;2019-09-19;8.6;5.7;1.8
Namsos Lufthavn;SN72580;2019-09-20;11.3;7.5;4.3
Namsos Lufthavn;SN72580;2019-09-21;12.2;10.1;8.7
Namsos Lufthavn;SN72580;2019-09-22;11.8;8.1;6.1
Namsos Lufthavn;SN72580;2019-09-23;12.9;8.7;5.8
Namsos Lufthavn;SN72580;2019-09-24;13.7;8.4;4.2
Namsos Lufthavn;SN72580;2019-09-25;15.2;9.4;6.3
Namsos Lufthavn;SN72580;2019-09-26;17.7;10.1;2.8
Namsos Lufthavn;SN72580;2019-09-27;14.3;10.8;7
Namsos Lufthavn;SN72580;2019-09-28;14.6;11.5;9.7
Namsos Lufthavn;SN72580;2019-09-29;11.7;8.7;7
Namsos Lufthavn;SN72580;2019-09-30;7.9;3.6;2.2
Namsos Lufthavn;SN72580;2019-10-01;5.6;2.2;-0.9
Namsos Lufthavn;SN72580;2019-10-02;9.2;4.1;0
Namsos Lufthavn;SN72580;2019-10-03;6.8;4.1;2.9
Namsos Lufthavn;SN72580;2019-10-04;5.5;1;-2.2
Namsos Lufthavn;SN72580;2019-10-05;5.9;-0.6;-3.9
Namsos Lufthavn;SN72580;2019-10-06;4.6;0.5;-3.5
Namsos Lufthavn;SN72580;2019-10-07;7.9;3.1;0.1
Namsos Lufthavn;SN72580;2019-10-08;7.5;4.6;0
Namsos Lufthavn;SN72580;2019-10-09;8.7;5.8;4.6
Namsos Lufthavn;SN72580;2019-10-10;9.4;3.3;0.1
Namsos Lufthavn;SN72580;2019-10-11;5.1;2;-2
Namsos Lufthavn;SN72580;2019-10-12;6.1;4.6;3.3
Namsos Lufthavn;SN72580;2019-10-13;6.5;2.3;0.7
Namsos Lufthavn;SN72580;2019-10-14;6.1;1;-1.3
Namsos Lufthavn;SN72580;2019-10-15;5.6;0.8;-3
Namsos Lufthavn;SN72580;2019-10-16;8.3;4.8;1.4
Namsos Lufthavn;SN72580;2019-10-17;7.7;5.8;4
Namsos Lufthavn;SN72580;2019-10-18;7.2;6;4.6
Namsos Lufthavn;SN72580;2019-10-19;6.5;4.8;2.2
Namsos Lufthavn;SN72580;2019-10-20;5.8;1.9;1.1
Namsos Lufthavn;SN72580;2019-10-21;6.5;2.4;-1.1
Namsos Lufthavn;SN72580;2019-10-22;9.5;7.2;3.6
Namsos Lufthavn;SN72580;2019-10-23;7.9;5.3;3.8
Namsos Lufthavn;SN72580;2019-10-24;8.8;7.4;5.1
Namsos Lufthavn;SN72580;2019-10-25;8.2;6.1;4.4
Namsos Lufthavn;SN72580;2019-10-26;6.4;5.1;4.6
Namsos Lufthavn;SN72580;2019-10-27;5;3.2;2.3
Namsos Lufthavn;SN72580;2019-10-28;4.1;2.2;0.6
Namsos Lufthavn;SN72580;2019-10-29;4.5;3.2;1.2
Namsos Lufthavn;SN72580;2019-10-30;5.7;4.1;1.4
Namsos Lufthavn;SN72580;2019-10-31;5.5;3.2;1.3
Namsos Lufthavn;SN72580;2019-11-01;3.8;2;0.5
Namsos Lufthavn;SN72580;2019-11-02;2.8;0.3;0
Namsos Lufthavn;SN72580;2019-11-03;0;-4.7;-5.4
Namsos Lufthavn;SN72580;2019-11-04;-3.1;-5.9;-7.6
Namsos Lufthavn;SN72580;2019-11-05;-4.8;-8.1;-9.8
Namsos Lufthavn;SN72580;2019-11-06;-2.1;-4.6;-9.7
Namsos Lufthavn;SN72580;2019-11-07;-1.2;-3.2;-4.4
Namsos Lufthavn;SN72580;2019-11-08;-3;-5.3;-7
Namsos Lufthavn;SN72580;2019-11-09;-3;-7.3;-10.5
Namsos Lufthavn;SN72580;2019-11-10;-3.7;-5.4;-8.1
Namsos Lufthavn;SN72580;2019-11-11;-2.9;-4.1;-7.3
Namsos Lufthavn;SN72580;2019-11-12;4;0.2;-4.9
Namsos Lufthavn;SN72580;2019-11-13;3.5;0.2;-1.2
Namsos Lufthavn;SN72580;2019-11-14;1;-1.5;-3.2
Namsos Lufthavn;SN72580;2019-11-15;1.6;-0.8;-3
Namsos Lufthavn;SN72580;2019-11-16;1.9;0.8;-2.5
Namsos Lufthavn;SN72580;2019-11-17;3.3;2.1;1.1
Namsos Lufthavn;SN72580;2019-11-18;3.3;1.7;0.7
Namsos Lufthavn;SN72580;2019-11-19;3.4;2.1;0.4
Namsos Lufthavn;SN72580;2019-11-20;2.5;0.4;-1
Namsos Lufthavn;SN72580;2019-11-21;4.5;2.1;-2.4
Namsos Lufthavn;SN72580;2019-11-22;6.8;5.1;3.1
Namsos Lufthavn;SN72580;2019-11-23;6.7;3.7;2
Namsos Lufthavn;SN72580;2019-11-24;4.1;0.9;-0.1
Namsos Lufthavn;SN72580;2019-11-25;1.2;-0.1;-1.2
Namsos Lufthavn;SN72580;2019-11-26;0;-1.4;-2.4
Namsos Lufthavn;SN72580;2019-11-27;-1;-2.7;-5.4
Namsos Lufthavn;SN72580;2019-11-28;-0.8;-3.8;-6.3
Namsos Lufthavn;SN72580;2019-11-29;1.9;-1.2;-6.5
Namsos Lufthavn;SN72580;2019-11-30;1.9;-0.3;-1.6
Namsos Lufthavn;SN72580;2019-12-01;3.1;0.9;-0.2
Namsos Lufthavn;SN72580;2019-12-02;1.3;0.2;-0.4
Namsos Lufthavn;SN72580;2019-12-03;6.4;3.5;-0.9
Namsos Lufthavn;SN72580;2019-12-04;8.3;6.1;3.5
Namsos Lufthavn;SN72580;2019-12-05;5.8;3.1;1
Namsos Lufthavn;SN72580;2019-12-06;4.2;2.7;1.1
Namsos Lufthavn;SN72580;2019-12-07;3.7;2.2;1.5
Namsos Lufthavn;SN72580;2019-12-08;2.9;0.1;-0.6
Namsos Lufthavn;SN72580;2019-12-09;-0.1;-1.7;-5.1
Namsos Lufthavn;SN72580;2019-12-10;0.5;-1.1;-4.7
Namsos Lufthavn;SN72580;2019-12-11;5.5;2.5;-0.5
Namsos Lufthavn;SN72580;2019-12-12;6.5;4.8;1
Namsos Lufthavn;SN72580;2019-12-13;4.7;0.2;-2.3
Namsos Lufthavn;SN72580;2019-12-14;4.9;3.5;-1.5
Namsos Lufthavn;SN72580;2019-12-15;4.4;3.5;2.8
Namsos Lufthavn;SN72580;2019-12-16;3.9;0.1;-1.8
Namsos Lufthavn;SN72580;2019-12-17;2.7;0.5;-1.8
Namsos Lufthavn;SN72580;2019-12-18;1.6;-2.8;-4.2
Namsos Lufthavn;SN72580;2019-12-19;0.6;-0.2;-4.6
Namsos Lufthavn;SN72580;2019-12-20;2.9;1.3;-0.9
Namsos Lufthavn;SN72580;2019-12-21;5.4;3.8;2.8
Namsos Lufthavn;SN72580;2019-12-22;3.9;1.9;1
Namsos Lufthavn;SN72580;2019-12-23;2.1;1.7;1.2
Namsos Lufthavn;SN72580;2019-12-24;1.8;0.4;-0.9
Namsos Lufthavn;SN72580;2019-12-25;0.3;-2.4;-3.9
Namsos Lufthavn;SN72580;2019-12-26;0.7;-0.7;-2.6
Namsos Lufthavn;SN72580;2019-12-27;0.4;-4;-5.2
Namsos Lufthavn;SN72580;2019-12-28;-0.4;-2.3;-5.7
Namsos Lufthavn;SN72580;2019-12-29;8.9;6.1;-0.9
Namsos Lufthavn;SN72580;2019-12-30;9.2;5.7;3.6
Namsos Lufthavn;SN72580;2019-12-31;6;3.2;1.7
Namsos Lufthavn;SN72580;2020-01-01;8.6;7;3.4
Namsos Lufthavn;SN72580;2020-01-02;10.3;7.2;5.2
Namsos Lufthavn;SN72580;2020-01-03;8.7;2.1;-0.4
Namsos Lufthavn;SN72580;2020-01-04;5.1;1.7;-0.1
Namsos Lufthavn;SN72580;2020-01-05;1.8;0.4;-1.2
Namsos Lufthavn;SN72580;2020-01-06;6.7;3.7;0.4
Namsos Lufthavn;SN72580;2020-01-07;7.3;3.7;0
Namsos Lufthavn;SN72580;2020-01-08;7.6;4.1;1.6
Namsos Lufthavn;SN72580;2020-01-09;4.6;2.7;0.8
Namsos Lufthavn;SN72580;2020-01-10;3.5;2.1;0.8
Namsos Lufthavn;SN72580;2020-01-11;5.3;3.8;0.7
Namsos Lufthavn;SN72580;2020-01-12;6.6;2.6;0.6
Namsos Lufthavn;SN72580;2020-01-13;3.8;2;0.2
Namsos Lufthavn;SN72580;2020-01-14;4.9;2.2;0.3
Namsos Lufthavn;SN72580;2020-01-15;4.1;0.8;-0.8
Namsos Lufthavn;SN72580;2020-01-16;7.3;4.2;-0.3
Namsos Lufthavn;SN72580;2020-01-17;6.9;3.8;1.9
Namsos Lufthavn;SN72580;2020-01-18;4.2;2.5;0.5
Namsos Lufthavn;SN72580;2020-01-19;6.3;4.5;1.3
Namsos Lufthavn;SN72580;2020-01-20;9.7;7.3;2.6
Namsos Lufthavn;SN72580;2020-01-21;9.2;3.9;1.4
Namsos Lufthavn;SN72580;2020-01-22;4.3;2.7;1
Namsos Lufthavn;SN72580;2020-01-23;7.7;4.6;1.3
Namsos Lufthavn;SN72580;2020-01-24;4.7;1.4;0
Namsos Lufthavn;SN72580;2020-01-25;2.2;0.9;0
Namsos Lufthavn;SN72580;2020-01-26;6.6;3.2;0.2
Namsos Lufthavn;SN72580;2020-01-27;1.3;-0.4;-1.3
Namsos Lufthavn;SN72580;2020-01-28;0.8;-0.3;-1.4
Namsos Lufthavn;SN72580;2020-01-29;0.2;-0.6;-1.6
Namsos Lufthavn;SN72580;2020-01-30;0.4;-0.3;-1.1
Namsos Lufthavn;SN72580;2020-01-31;4.1;2.2;-1.1
Namsos Lufthavn;SN72580;2020-02-01;5.6;2.5;0.6
Namsos Lufthavn;SN72580;2020-02-02;4.9;2.7;0.5
Namsos Lufthavn;SN72580;2020-02-03;2;-1.5;-3.3
Namsos Lufthavn;SN72580;2020-02-04;2;-3.5;-7.8
Namsos Lufthavn;SN72580;2020-02-05;3;1;0.1
Namsos Lufthavn;SN72580;2020-02-06;0.9;-3.3;-4.7
Namsos Lufthavn;SN72580;2020-02-07;5.4;0.8;-4.8
Namsos Lufthavn;SN72580;2020-02-08;3;0.9;-1.6
Namsos Lufthavn;SN72580;2020-02-09;7.1;4.4;0.3
Namsos Lufthavn;SN72580;2020-02-10;5.2;3.1;1.2
Namsos Lufthavn;SN72580;2020-02-11;4;2.4;0.9
Namsos Lufthavn;SN72580;2020-02-12;3.3;0.3;-0.5
Namsos Lufthavn;SN72580;2020-02-13;2.7;-;-2.9
Namsos Lufthavn;SN72580;2020-02-14;0.4;-;-3
Namsos Lufthavn;SN72580;2020-02-15;5.4;-;-2.5
Namsos Lufthavn;SN72580;2020-02-16;5.9;-;0.2
Namsos Lufthavn;SN72580;2020-02-18;5.6;-;-
Namsos Lufthavn;SN72580;2020-02-19;5.6;-;-
Namsos Lufthavn;SN72580;2020-02-20;3.1;0.4;-3.8
Namsos Lufthavn;SN72580;2020-02-29;1.6;-3.2;-6.5
Namsos Lufthavn;SN72580;2020-03-01;-2.8;-5.2;-9.4
Namsos Lufthavn;SN72580;2020-03-02;-2.3;-3.6;-5.5
Namsos Lufthavn;SN72580;2020-03-03;0;-1.3;-2.7
Namsos Lufthavn;SN72580;2020-03-04;0.6;-0.5;-1.5
Namsos Lufthavn;SN72580;2020-03-05;-0.2;-2.4;-3.8
Namsos Lufthavn;SN72580;2020-03-06;5;0.9;-2.3
Namsos Lufthavn;SN72580;2020-03-07;5.8;2.2;-0.4
Namsos Lufthavn;SN72580;2020-03-08;6.3;2.8;0
Namsos Lufthavn;SN72580;2020-03-09;8.2;5.2;1.7
Namsos Lufthavn;SN72580;2020-03-10;6.1;3.4;0.1
Namsos Lufthavn;SN72580;2020-03-11;4.9;3.9;1.8
Namsos Lufthavn;SN72580;2020-03-12;5.2;1.2;0.4
Namsos Lufthavn;SN72580;2020-03-13;1.6;-2.5;-3.8
Namsos Lufthavn;SN72580;2020-03-14;1.2;-1.4;-6.3
Namsos Lufthavn;SN72580;2020-03-15;7.2;2.4;-0.5
Namsos Lufthavn;SN72580;2020-03-16;4.2;1.6;-2.5
Namsos Lufthavn;SN72580;2020-03-17;6.1;4.2;1.1
Namsos Lufthavn;SN72580;2020-03-18;4;2.4;0.3
Namsos Lufthavn;SN72580;2020-03-19;4.1;1.7;-0.2
Namsos Lufthavn;SN72580;2020-03-20;2.2;-0.5;-3.9
Namsos Lufthavn;SN72580;2020-03-21;5.4;0.9;-3.2
Namsos Lufthavn;SN72580;2020-03-22;5.2;1.9;-3.3
Namsos Lufthavn;SN72580;2020-03-23;9.1;5.8;3.4
Namsos Lufthavn;SN72580;2020-03-24;8.5;4.6;3.3
Namsos Lufthavn;SN72580;2020-03-25;7.5;4.7;3
Namsos Lufthavn;SN72580;2020-03-26;7.4;3.8;0
Namsos Lufthavn;SN72580;2020-03-27;5.3;4.1;2.9
Namsos Lufthavn;SN72580;2020-03-28;4.5;-0.7;-2.8
Namsos Lufthavn;SN72580;2020-03-29;2.4;-0.3;-2.9
Namsos Lufthavn;SN72580;2020-03-30;2.9;-0.1;-5
Namsos Lufthavn;SN72580;2020-03-31;6.1;4.3;0.5
Namsos Lufthavn;SN72580;2020-04-01;3.9;1.4;0.3
Namsos Lufthavn;SN72580;2020-04-02;3.3;1.5;0.4
Namsos Lufthavn;SN72580;2020-04-03;1.7;-0.3;-1.8
Namsos Lufthavn;SN72580;2020-04-04;-0.1;-1.9;-2.8
Namsos Lufthavn;SN72580;2020-04-05;2.4;-1;-6
Namsos Lufthavn;SN72580;2020-04-06;10.4;5.3;0.4
Namsos Lufthavn;SN72580;2020-04-07;8.6;5.8;2.2
Namsos Lufthavn;SN72580;2020-04-08;8.4;4.8;2.5
Namsos Lufthavn;SN72580;2020-04-09;6.5;2.6;0.6
Namsos Lufthavn;SN72580;2020-04-10;4.5;1.7;0
Namsos Lufthavn;SN72580;2020-04-11;6;3.3;0.1
Namsos Lufthavn;SN72580;2020-04-12;6.2;3.6;1
Namsos Lufthavn;SN72580;2020-04-13;3.2;1.8;-0.7
Namsos Lufthavn;SN72580;2020-04-14;6.3;3.1;-0.4
Namsos Lufthavn;SN72580;2020-04-15;6.2;3.4;0.7
Namsos Lufthavn;SN72580;2020-04-16;5.2;2.4;0.5
Namsos Lufthavn;SN72580;2020-04-17;6.1;3.5;1.1
Namsos Lufthavn;SN72580;2020-04-18;8;4.9;1.9
Namsos Lufthavn;SN72580;2020-04-19;7.6;5;1.1
Namsos Lufthavn;SN72580;2020-04-20;10.1;5.5;3.2
Namsos Lufthavn;SN72580;2020-04-21;12.9;5.6;-0.8
Namsos Lufthavn;SN72580;2020-04-22;12.2;5.6;-0.3
Namsos Lufthavn;SN72580;2020-04-23;7;4.6;2.9
Namsos Lufthavn;SN72580;2020-04-24;7.6;5.4;3.9
Namsos Lufthavn;SN72580;2020-04-25;6.6;4.5;3.7
Namsos Lufthavn;SN72580;2020-04-26;7.9;4.5;0.2
Namsos Lufthavn;SN72580;2020-04-27;9.7;4.9;1.6
Namsos Lufthavn;SN72580;2020-04-28;9.6;4.9;-1.4
Namsos Lufthavn;SN72580;2020-04-29;9.3;5.7;0.3
Namsos Lufthavn;SN72580;2020-04-30;9.9;6.6;3.3
Namsos Lufthavn;SN72580;2020-05-01;9.4;5.9;3.6
Namsos Lufthavn;SN72580;2020-05-02;7.6;5.8;3.7
Namsos Lufthavn;SN72580;2020-05-03;7.5;4.7;3.6
Namsos Lufthavn;SN72580;2020-05-04;8;4.7;2.3
Namsos Lufthavn;SN72580;2020-05-05;6.2;4.8;1.4
Namsos Lufthavn;SN72580;2020-05-06;6.5;4.7;3.1
Namsos Lufthavn;SN72580;2020-05-07;5.4;4.1;2.7
Namsos Lufthavn;SN72580;2020-05-08;6.9;3.4;1.2
Namsos Lufthavn;SN72580;2020-05-09;6.2;2.7;-0.3
Namsos Lufthavn;SN72580;2020-05-10;5.1;2.3;0.4
Namsos Lufthavn;SN72580;2020-05-11;5.1;2;0.1
Namsos Lufthavn;SN72580;2020-05-12;5.4;1.7;0
Namsos Lufthavn;SN72580;2020-05-13;4.5;1.3;-1
Namsos Lufthavn;SN72580;2020-05-14;3.4;1.5;-0.1
Namsos Lufthavn;SN72580;2020-05-15;4.7;1.9;0.1
Namsos Lufthavn;SN72580;2020-05-16;5;3.3;0.6
Namsos Lufthavn;SN72580;2020-05-17;8.7;4.9;3
Namsos Lufthavn;SN72580;2020-05-18;6.9;3.9;0
Namsos Lufthavn;SN72580;2020-05-19;8.3;4.3;0.4
Namsos Lufthavn;SN72580;2020-05-20;11.9;6.9;2
Namsos Lufthavn;SN72580;2020-05-21;14.4;9.2;1.4
Namsos Lufthavn;SN72580;2020-05-22;17.6;12.5;3.5
Namsos Lufthavn;SN72580;2020-05-23;16.2;12.5;10.2
Namsos Lufthavn;SN72580;2020-05-24;14.1;11.3;8.9
Namsos Lufthavn;SN72580;2020-05-25;14.5;9.6;6.9
Namsos Lufthavn;SN72580;2020-05-26;16.7;10.9;6.5
Namsos Lufthavn;SN72580;2020-05-27;11.1;8.2;7.3
Namsos Lufthavn;SN72580;2020-05-28;8.8;7.6;5.9
Namsos Lufthavn;SN72580;2020-05-29;9.6;8;7.1
Namsos Lufthavn;SN72580;2020-05-30;20.3;13.4;6.8
Namsos Lufthavn;SN72580;2020-05-31;25.8;17.2;8.9
Namsos Lufthavn;SN72580;2020-06-01;23.7;16.1;9.3
Namsos Lufthavn;SN72580;2020-06-02;18.8;12.5;6.8
Namsos Lufthavn;SN72580;2020-06-03;13.1;10.4;9.1
Namsos Lufthavn;SN72580;2020-06-04;20;15.2;7.9
Namsos Lufthavn;SN72580;2020-06-05;22.1;16.2;9.3
Namsos Lufthavn;SN72580;2020-06-06;19.8;15.4;12
Namsos Lufthavn;SN72580;2020-06-07;18.9;8.8;7.6
Namsos Lufthavn;SN72580;2020-06-08;9.9;7.5;5.9
Namsos Lufthavn;SN72580;2020-06-09;16.5;9.8;2.1
Namsos Lufthavn;SN72580;2020-06-10;19.2;12.5;4.3
Namsos Lufthavn;SN72580;2020-06-11;17.7;12.4;5.8
Namsos Lufthavn;SN72580;2020-06-12;26.6;17.5;4.8
Namsos Lufthavn;SN72580;2020-06-13;25.3;19.9;14.5
Namsos Lufthavn;SN72580;2020-06-14;24;17.3;9.8
Namsos Lufthavn;SN72580;2020-06-15;19.4;14.3;11.7
Namsos Lufthavn;SN72580;2020-06-16;26.8;18.9;10.1
Namsos Lufthavn;SN72580;2020-06-17;29.4;21.9;13.7
Namsos Lufthavn;SN72580;2020-06-18;23.1;15.7;12.5
Namsos Lufthavn;SN72580;2020-06-19;24.6;17.1;9.9
Namsos Lufthavn;SN72580;2020-06-20;30.7;24.3;11.7
Namsos Lufthavn;SN72580;2020-06-21;29.3;24.2;17.3
Namsos Lufthavn;SN72580;2020-06-22;27.3;19.5;15.4
Namsos Lufthavn;SN72580;2020-06-23;24.5;18.1;13.2
Namsos Lufthavn;SN72580;2020-06-24;25.1;19;11.9
Namsos Lufthavn;SN72580;2020-06-25;23.6;18.5;13.4
Namsos Lufthavn;SN72580;2020-06-26;27.6;19.8;11.2
Namsos Lufthavn;SN72580;2020-06-27;31.3;23.6;13
Namsos Lufthavn;SN72580;2020-06-28;29.3;23.3;19.1
Namsos Lufthavn;SN72580;2020-06-29;25.5;16.8;14.4
Namsos Lufthavn;SN72580;2020-06-30;14.5;10.8;9.2
Namsos Lufthavn;SN72580;2020-07-01;12.9;9.3;6.8
Namsos Lufthavn;SN72580;2020-07-02;14.1;9.4;3.9
Namsos Lufthavn;SN72580;2020-07-03;17;10.5;4
Namsos Lufthavn;SN72580;2020-07-04;14.7;11.3;7.3
Namsos Lufthavn;SN72580;2020-07-05;21.2;14.6;4.8
Namsos Lufthavn;SN72580;2020-07-06;19.2;13.8;11.7
Namsos Lufthavn;SN72580;2020-07-07;13.8;11.2;9.4
Namsos Lufthavn;SN72580;2020-07-08;13.3;10.9;8.5
Namsos Lufthavn;SN72580;2020-07-09;13.5;11.1;8.1
Namsos Lufthavn;SN72580;2020-07-10;15.6;11.8;7.4
Namsos Lufthavn;SN72580;2020-07-11;15.3;11.3;8.9
Namsos Lufthavn;SN72580;2020-07-12;12.5;10;9.1
Namsos Lufthavn;SN72580;2020-07-13;15.6;11.4;7.8
Namsos Lufthavn;SN72580;2020-07-14;19.6;13.5;5.3
Namsos Lufthavn;SN72580;2020-07-15;23.2;17.1;12.7
Namsos Lufthavn;SN72580;2020-07-16;23.1;17.4;13
Namsos Lufthavn;SN72580;2020-07-17;19.4;14.2;12.7
Namsos Lufthavn;SN72580;2020-07-18;22.5;15.8;11.2
Namsos Lufthavn;SN72580;2020-07-19;19.9;15.3;12
Namsos Lufthavn;SN72580;2020-07-20;17.6;12.7;11.4
Namsos Lufthavn;SN72580;2020-07-21;14.8;11.6;9.4
Namsos Lufthavn;SN72580;2020-07-22;13.7;11.3;9.6
Namsos Lufthavn;SN72580;2020-07-23;13.3;11.8;9.4
Namsos Lufthavn;SN72580;2020-07-24;12.5;11;10.3
Namsos Lufthavn;SN72580;2020-07-25;12.9;11.2;10.5
Namsos Lufthavn;SN72580;2020-07-26;22.4;16.3;7.2
Namsos Lufthavn;SN72580;2020-07-27;20.3;15.9;12.8
Namsos Lufthavn;SN72580;2020-07-28;22.9;18.4;11.7
Namsos Lufthavn;SN72580;2020-07-29;20.8;17;15.3
Namsos Lufthavn;SN72580;2020-07-30;18.8;15.9;13.9
Namsos Lufthavn;SN72580;2020-07-31;19.5;16.1;14.9
Namsos Lufthavn;SN72580;2020-08-01;26.8;18.3;10.4
Namsos Lufthavn;SN72580;2020-08-02;26.3;18.6;12.6
Namsos Lufthavn;SN72580;2020-08-03;19.1;13.7;12.2
Namsos Lufthavn;SN72580;2020-08-04;14.4;12.7;10.3
Namsos Lufthavn;SN72580;2020-08-05;21.8;16.1;11.1
Namsos Lufthavn;SN72580;2020-08-06;18.1;15.4;13.2
Namsos Lufthavn;SN72580;2020-08-07;27;19.7;14
Namsos Lufthavn;SN72580;2020-08-08;24;16.4;13.8
Namsos Lufthavn;SN72580;2020-08-09;17.4;12.9;9.8
Namsos Lufthavn;SN72580;2020-08-10;23.2;14.7;7.3
Namsos Lufthavn;SN72580;2020-08-11;22.3;16;11
Namsos Lufthavn;SN72580;2020-08-12;18.6;13.9;10.9
Namsos Lufthavn;SN72580;2020-08-13;17.1;13.8;8.5
Namsos Lufthavn;SN72580;2020-08-14;17.3;15.3;14
Namsos Lufthavn;SN72580;2020-08-15;16.4;14.8;12.1
Namsos Lufthavn;SN72580;2020-08-16;17.6;13.6;12.1
Namsos Lufthavn;SN72580;2020-08-17;20.5;12;5.1
Namsos Lufthavn;SN72580;2020-08-18;22.6;14.4;6.9
Namsos Lufthavn;SN72580;2020-08-19;18.7;14.1;11.1
Namsos Lufthavn;SN72580;2020-08-20;19;14.6;12.4
Namsos Lufthavn;SN72580;2020-08-21;26;20.1;11.6
Namsos Lufthavn;SN72580;2020-08-22;23.1;19.3;16.7
Namsos Lufthavn;SN72580;2020-08-23;16.7;12.2;10.9
Namsos Lufthavn;SN72580;2020-08-24;11.3;9.6;7.9
Namsos Lufthavn;SN72580;2020-08-25;13.4;10.6;7.6
Namsos Lufthavn;SN72580;2020-08-26;14.1;10.6;8.3
Namsos Lufthavn;SN72580;2020-08-27;14.1;10.2;7
Namsos Lufthavn;SN72580;2020-08-28;17.1;10.2;3.5
Namsos Lufthavn;SN72580;2020-08-29;14.1;10.5;7.5
Namsos Lufthavn;SN72580;2020-08-30;12.6;7.9;4.4
Namsos Lufthavn;SN72580;2020-08-31;13.6;7.8;2.2
Namsos Lufthavn;SN72580;2020-09-01;19.6;10.5;3.6
Namsos Lufthavn;SN72580;2020-09-02;21.7;13.2;4.7
Namsos Lufthavn;SN72580;2020-09-03;21;16.7;10.7
Namsos Lufthavn;SN72580;2020-09-04;17.5;13.6;12.4
Namsos Lufthavn;SN72580;2020-09-05;17.6;10.7;9.7
Namsos Lufthavn;SN72580;2020-09-06;14.9;9.9;5.9
Namsos Lufthavn;SN72580;2020-09-07;16;12;8.7
Namsos Lufthavn;SN72580;2020-09-08;12.5;11.4;10.4
Namsos Lufthavn;SN72580;2020-09-09;11.9;10.4;9.5
Namsos Lufthavn;SN72580;2020-09-10;10.1;8.4;7.7
Namsos Lufthavn;SN72580;2020-09-11;14.3;10.4;6.2
Namsos Lufthavn;SN72580;2020-09-12;14;10.1;7.8
Namsos Lufthavn;SN72580;2020-09-13;11.8;10.1;6.5
Namsos Lufthavn;SN72580;2020-09-14;11.5;9.7;8.9
Namsos Lufthavn;SN72580;2020-09-15;14;9.5;5.9
Namsos Lufthavn;SN72580;2020-09-16;11.4;8.7;6.7
Namsos Lufthavn;SN72580;2020-09-17;10.8;8.8;7.1
Namsos Lufthavn;SN72580;2020-09-18;12.4;10.8;8.3
Namsos Lufthavn;SN72580;2020-09-19;11;9.6;8.6
Namsos Lufthavn;SN72580;2020-09-20;11.6;9.7;7.9
Namsos Lufthavn;SN72580;2020-09-21;14.8;10.9;8
Namsos Lufthavn;SN72580;2020-09-22;12.4;8.9;7.2
Namsos Lufthavn;SN72580;2020-09-23;14;9.4;7.5
Namsos Lufthavn;SN72580;2020-09-24;14.5;8.2;3.9
Namsos Lufthavn;SN72580;2020-09-25;15.3;8.1;5.4
Namsos Lufthavn;SN72580;2020-09-26;9.8;5.5;2.1
Namsos Lufthavn;SN72580;2020-09-27;14.3;10.7;4.8
Namsos Lufthavn;SN72580;2020-09-28;18.4;13.9;10.6
Namsos Lufthavn;SN72580;2020-09-29;16;12.5;9.3
Namsos Lufthavn;SN72580;2020-09-30;18;13.4;10.5
Namsos Lufthavn;SN72580;2020-10-01;17;13.2;9.4
Namsos Lufthavn;SN72580;2020-10-02;14.5;12.9;11.5
Namsos Lufthavn;SN72580;2020-10-03;14.2;12.8;11.3
Namsos Lufthavn;SN72580;2020-10-04;15.5;13.9;11.8
Namsos Lufthavn;SN72580;2020-10-05;14.9;12.5;10.4
Namsos Lufthavn;SN72580;2020-10-06;15.4;12.4;9.5
Namsos Lufthavn;SN72580;2020-10-07;13.6;12.5;10.7
Namsos Lufthavn;SN72580;2020-10-08;13.5;11.1;9.4
Namsos Lufthavn;SN72580;2020-10-09;10.5;9.3;8.7
Namsos Lufthavn;SN72580;2020-10-10;10.9;8.7;7.9
Namsos Lufthavn;SN72580;2020-10-11;11.2;8.4;6.4
Namsos Lufthavn;SN72580;2020-10-12;10.5;6.9;4.7
Namsos Lufthavn;SN72580;2020-10-13;10;6.4;4.7
Namsos Lufthavn;SN72580;2020-10-14;8.2;6.6;2.7
Namsos Lufthavn;SN72580;2020-10-15;8.5;7.8;6.8
Namsos Lufthavn;SN72580;2020-10-16;8.1;7.6;6.5
Namsos Lufthavn;SN72580;2020-10-17;8.1;5.4;2
Namsos Lufthavn;SN72580;2020-10-18;6.5;3.4;0
Namsos Lufthavn;SN72580;2020-10-19;3.2;-0.8;-2.1
Namsos Lufthavn;SN72580;2020-10-20;3.4;0.9;-2
Namsos Lufthavn;SN72580;2020-10-21;3.6;2.5;1.2
Namsos Lufthavn;SN72580;2020-10-22;4.8;1.1;-0.5
Namsos Lufthavn;SN72580;2020-10-23;4.5;0.4;-2.3
Namsos Lufthavn;SN72580;2020-10-24;2.8;0.8;-2
Namsos Lufthavn;SN72580;2020-10-25;9.9;5.4;1.2
Namsos Lufthavn;SN72580;2020-10-26;7.8;3.8;1.3
Namsos Lufthavn;SN72580;2020-10-27;7;3.5;0.6
Namsos Lufthavn;SN72580;2020-10-28;5.6;2.7;-0.5
Namsos Lufthavn;SN72580;2020-10-29;5.3;2.5;1.1
Namsos Lufthavn;SN72580;2020-10-30;6.1;4;1
Namsos Lufthavn;SN72580;2020-10-31;7.2;-;4.2
Namsos Lufthavn;SN72580;2020-12-01;3.6;-;-1.7
Namsos Lufthavn;SN72580;2020-12-02;2.9;-;0.2
Namsos Lufthavn;SN72580;2020-12-03;3.3;2.8;0.4
Namsos Lufthavn;SN72580;2020-12-04;4;3.2;-2.4
Namsos Lufthavn;SN72580;2020-12-05;4.1;1.2;-0.2
Namsos Lufthavn;SN72580;2020-12-06;3.8;1.6;-0.3
Namsos Lufthavn;SN72580;2020-12-07;6;2.6;-1.4
Namsos Lufthavn;SN72580;2020-12-08;6.2;4.3;2.4
Namsos Lufthavn;SN72580;2020-12-09;5.3;3.1;1.7
Namsos Lufthavn;SN72580;2020-12-10;4.6;1.7;-0.5
Namsos Lufthavn;SN72580;2020-12-11;3.5;2;0.6
Namsos Lufthavn;SN72580;2020-12-12;2.5;0.5;-0.7
Namsos Lufthavn;SN72580;2020-12-13;3.9;2.2;-0.8
Namsos Lufthavn;SN72580;2020-12-14;5.6;3.4;-1.1
Namsos Lufthavn;SN72580;2020-12-15;4.5;2.5;1.6
Namsos Lufthavn;SN72580;2020-12-16;2.5;0.6;0
Namsos Lufthavn;SN72580;2020-12-17;2.7;1.1;-1.8
Namsos Lufthavn;SN72580;2020-12-18;2.2;1.3;0.7
Namsos Lufthavn;SN72580;2020-12-19;4.6;3.1;0.8
Namsos Lufthavn;SN72580;2020-12-20;7.8;2.9;1.1
Namsos Lufthavn;SN72580;2020-12-21;6;1.7;-0.9
Namsos Lufthavn;SN72580;2020-12-22;3.7;1.9;-0.5
Namsos Lufthavn;SN72580;2020-12-23;4.8;2.6;0.3
Namsos Lufthavn;SN72580;2020-12-24;4.3;2.9;2
Namsos Lufthavn;SN72580;2020-12-25;2.8;-1;-2.7
Namsos Lufthavn;SN72580;2020-12-26;0.4;-2.6;-3.8
Namsos Lufthavn;SN72580;2020-12-27;6.1;3.2;-2.9
Namsos Lufthavn;SN72580;2020-12-28;5.7;4.8;3.9
Namsos Lufthavn;SN72580;2020-12-29;5.3;2.5;0.3
Namsos Lufthavn;SN72580;2020-12-30;3.8;1.8;0.7
Namsos Lufthavn;SN72580;2020-12-31;0.9;-1.5;-2.4
Namsos Lufthavn;SN72580;2021-01-01;1.9;-1.1;-3.9
Namsos Lufthavn;SN72580;2021-01-02;1.9;-3.9;-6.8
Namsos Lufthavn;SN72580;2021-01-03;-6.5;-8.7;-9.5
Namsos Lufthavn;SN72580;2021-01-04;-5.8;-7.3;-10.1
Namsos Lufthavn;SN72580;2021-01-05;-6.8;-7.6;-8.5
Namsos Lufthavn;SN72580;2021-01-06;-3.7;-5.3;-7.8
Namsos Lufthavn;SN72580;2021-01-07;-3.6;-6.5;-7.3
Namsos Lufthavn;SN72580;2021-01-08;-6.7;-9.2;-11.3
Namsos Lufthavn;SN72580;2021-01-09;-3.1;-5.6;-9.3
Namsos Lufthavn;SN72580;2021-01-10;0.5;-1.5;-4.5
Namsos Lufthavn;SN72580;2021-01-11;-0.7;-3.7;-6
Namsos Lufthavn;SN72580;2021-01-12;-1.4;-2.8;-5.2
Namsos Lufthavn;SN72580;2021-01-13;-3.1;-7.1;-9.1
Namsos Lufthavn;SN72580;2021-01-14;-8.4;-12.9;-13.9
Namsos Lufthavn;SN72580;2021-01-15;-7.3;-10;-15.1
Namsos Lufthavn;SN72580;2021-01-16;-4;-5;-7.3
Namsos Lufthavn;SN72580;2021-01-17;-2.7;-8.5;-12.2
Namsos Lufthavn;SN72580;2021-01-18;-9.7;-11.1;-13.3
Namsos Lufthavn;SN72580;2021-01-19;-3.7;-6;-11.4
Namsos Lufthavn;SN72580;2021-01-20;-1;-2.4;-4.2
Namsos Lufthavn;SN72580;2021-01-21;-0.8;-2.9;-3.8
Namsos Lufthavn;SN72580;2021-01-22;4.9;0.7;-3.5
Namsos Lufthavn;SN72580;2021-01-23;4;-5.5;-7.2
Namsos Lufthavn;SN72580;2021-01-24;-3.8;-4.4;-5.2
Namsos Lufthavn;SN72580;2021-01-25;-3.5;-7.7;-10
Namsos Lufthavn;SN72580;2021-01-26;0.3;-3.5;-9.3
Namsos Lufthavn;SN72580;2021-01-27;0;-2.3;-4.8
Namsos Lufthavn;SN72580;2021-01-28;-1.9;-4.4;-7.4
Namsos Lufthavn;SN72580;2021-01-29;-5.2;-6.6;-8.4
Namsos Lufthavn;SN72580;2021-01-30;-4.6;-6.5;-7
Namsos Lufthavn;SN72580;2021-01-31;-6.8;-9.4;-11.8
Namsos Lufthavn;SN72580;2021-02-01;-4.5;-5.4;-8.2
Namsos Lufthavn;SN72580;2021-02-02;-4.2;-5.7;-7.2
Namsos Lufthavn;SN72580;2021-02-03;-6.5;-9.6;-12.4
Namsos Lufthavn;SN72580;2021-02-04;-8;-16.7;-19.3
Namsos Lufthavn;SN72580;2021-02-05;-13.1;-17.8;-22.2
Namsos Lufthavn;SN72580;2021-02-06;-12.7;-16.4;-20.5
Namsos Lufthavn;SN72580;2021-02-07;-13.9;-16.3;-19.6
Namsos Lufthavn;SN72580;2021-02-08;-12.7;-15.8;-18.6
Namsos Lufthavn;SN72580;2021-02-09;-7.3;-11.7;-21.1
Namsos Lufthavn;SN72580;2021-02-10;-6.9;-13.8;-18.3
Namsos Lufthavn;SN72580;2021-02-11;-17;-20.5;-24
Namsos Lufthavn;SN72580;2021-02-12;1.8;-4.1;-20.5
Namsos Lufthavn;SN72580;2021-02-13;4.3;1.6;-1
Namsos Lufthavn;SN72580;2021-02-14;1.9;-0.1;-1.9
Namsos Lufthavn;SN72580;2021-02-15;-1.1;-4.5;-5.9
Namsos Lufthavn;SN72580;2021-02-16;-1.8;-7.5;-13.9
Namsos Lufthavn;SN72580;2021-02-17;-1.6;-2.8;-6.2
Namsos Lufthavn;SN72580;2021-02-18;-1.9;-2.8;-4.2
Namsos Lufthavn;SN72580;2021-02-19;3;0.3;-2.4
Namsos Lufthavn;SN72580;2021-02-20;1.1;0.3;-1.8
Namsos Lufthavn;SN72580;2021-02-21;5;2.4;0.6
Namsos Lufthavn;SN72580;2021-02-22;1.3;-1.2;-2.2
Namsos Lufthavn;SN72580;2021-02-23;2.2;0.7;-2.5
Namsos Lufthavn;SN72580;2021-02-24;8;5.5;2
Namsos Lufthavn;SN72580;2021-02-25;8.3;6;2.8
Namsos Lufthavn;SN72580;2021-02-26;5.7;4.5;2.3
Namsos Lufthavn;SN72580;2021-02-27;7.1;5;2
Namsos Lufthavn;SN72580;2021-02-28;7.5;5.6;3.9
Namsos Lufthavn;SN72580;2021-03-01;6.3;4.2;2.5
Namsos Lufthavn;SN72580;2021-03-02;5.3;3.8;2.2
Namsos Lufthavn;SN72580;2021-03-03;5;1.6;-0.8
Namsos Lufthavn;SN72580;2021-03-04;1.4;-0.8;-3.8
Namsos Lufthavn;SN72580;2021-03-05;2.9;0.6;-2.1
Namsos Lufthavn;SN72580;2021-03-06;4.8;0.5;-3.8
Namsos Lufthavn;SN72580;2021-03-07;3.4;-2;-7.1
Namsos Lufthavn;SN72580;2021-03-08;1.7;-1.3;-5.5
Namsos Lufthavn;SN72580;2021-03-09;1.5;-3.3;-7
Namsos Lufthavn;SN72580;2021-03-10;-0.5;-2.8;-6.5
Namsos Lufthavn;SN72580;2021-03-11;2;0.3;-2.3
Namsos Lufthavn;SN72580;2021-03-12;3.9;1.5;0.1
Namsos Lufthavn;SN72580;2021-03-13;5.3;1.8;-0.3
Namsos Lufthavn;SN72580;2021-03-14;3.5;0;-2.6
Namsos Lufthavn;SN72580;2021-03-15;4.8;1.7;-1
Namsos Lufthavn;SN72580;2021-03-16;3.7;1.8;0
Namsos Lufthavn;SN72580;2021-03-17;3.3;1.8;0.5
Namsos Lufthavn;SN72580;2021-03-18;6.4;1.9;0.4
Namsos Lufthavn;SN72580;2021-03-19;2.3;0.8;-1.7
Namsos Lufthavn;SN72580;2021-03-20;6.6;4.6;1.5
Namsos Lufthavn;SN72580;2021-03-21;3.9;1.1;-0.6
Namsos Lufthavn;SN72580;2021-03-22;6.5;4.9;1.6
Namsos Lufthavn;SN72580;2021-03-23;7.8;6;4.7
Namsos Lufthavn;SN72580;2021-03-24;7.7;4.1;2.5
Namsos Lufthavn;SN72580;2021-03-25;7.2;3.8;0.6
Namsos Lufthavn;SN72580;2021-03-26;10.3;6.2;0.8
Namsos Lufthavn;SN72580;2021-03-27;9;5.3;4
Namsos Lufthavn;SN72580;2021-03-28;8.9;4.6;-0.1
Namsos Lufthavn;SN72580;2021-03-29;9.1;5.4;2.5
Namsos Lufthavn;SN72580;2021-03-30;6.9;4.4;3.3
Namsos Lufthavn;SN72580;2021-03-31;6.4;3.5;1.3
Namsos Lufthavn;SN72580;2021-04-01;4.6;3.1;1.8
Namsos Lufthavn;SN72580;2021-04-02;4.7;2.5;0.8
Namsos Lufthavn;SN72580;2021-04-03;6.3;4.5;1.1
Namsos Lufthavn;SN72580;2021-04-04;6.2;3.7;-0.1
Namsos Lufthavn;SN72580;2021-04-05;3.8;0.9;-1.3
Namsos Lufthavn;SN72580;2021-04-06;5.5;2.9;0
Namsos Lufthavn;SN72580;2021-04-07;4.2;0.8;-0.4
Namsos Lufthavn;SN72580;2021-04-08;3.4;-0.3;-3.6
Namsos Lufthavn;SN72580;2021-04-09;3;0.3;-1.7
Namsos Lufthavn;SN72580;2021-04-10;4.9;1.7;-1.5
Namsos Lufthavn;SN72580;2021-04-11;5.7;1.8;0
Namsos Lufthavn;SN72580;2021-04-12;5.3;1.1;-3.9
Namsos Lufthavn;SN72580;2021-04-13;4.5;1.8;0.1
Namsos Lufthavn;SN72580;2021-04-14;5.9;3;-0.3
Namsos Lufthavn;SN72580;2021-04-15;7.2;4.8;1.2
Namsos Lufthavn;SN72580;2021-04-16;10.5;5.6;1.5
Namsos Lufthavn;SN72580;2021-04-17;14.6;5.9;-0.5
Namsos Lufthavn;SN72580;2021-04-18;16.9;8.5;0.4
Namsos Lufthavn;SN72580;2021-04-19;17;8.7;1.3
Namsos Lufthavn;SN72580;2021-04-20;16.5;8.2;1.7
Namsos Lufthavn;SN72580;2021-04-21;8.7;3.6;3.3
Namsos Lufthavn;SN72580;2021-04-22;4.9;1.7;-2.2
Namsos Lufthavn;SN72580;2021-04-23;4.8;1.9;-1.8
Namsos Lufthavn;SN72580;2021-04-24;5.5;2.5;-0.2
Namsos Lufthavn;SN72580;2021-04-25;6;2.7;-0.2
Namsos Lufthavn;SN72580;2021-04-26;6.2;1.9;-1.7
Namsos Lufthavn;SN72580;2021-04-27;7;2.4;-2.9
Namsos Lufthavn;SN72580;2021-04-28;6.1;2.3;-1
Namsos Lufthavn;SN72580;2021-04-29;6.2;2.2;-2.4
Namsos Lufthavn;SN72580;2021-04-30;5.9;3.3;-0.3
Namsos Lufthavn;SN72580;2021-05-01;6.6;2.5;-3.1
Namsos Lufthavn;SN72580;2021-05-02;6.7;2.2;-2.1
Namsos Lufthavn;SN72580;2021-05-03;9.2;3.5;-2.3
Namsos Lufthavn;SN72580;2021-05-04;6.8;5;-1
Namsos Lufthavn;SN72580;2021-05-05;9.7;6;3.9
Namsos Lufthavn;SN72580;2021-05-06;9;3.8;-1.5
Namsos Lufthavn;SN72580;2021-05-07;8.2;3.1;-2.8
Namsos Lufthavn;SN72580;2021-05-08;8.8;3.9;-0.4
Namsos Lufthavn;SN72580;2021-05-09;11.6;5.9;-0.6
Namsos Lufthavn;SN72580;2021-05-10;16.3;10.1;2.9
Namsos Lufthavn;SN72580;2021-05-11;19.4;14;7.6
Namsos Lufthavn;SN72580;2021-05-12;17.3;8.6;3.8
Namsos Lufthavn;SN72580;2021-05-13;10.3;7.8;6.3
Namsos Lufthavn;SN72580;2021-05-15;16.4;11.8;9.8
Namsos Lufthavn;SN72580;2021-05-16;15.5;12.1;8
Namsos Lufthavn;SN72580;2021-05-17;17;11.5;7.7
Namsos Lufthavn;SN72580;2021-05-18;10.5;8.7;7
Namsos Lufthavn;SN72580;2021-05-19;12.6;9.5;7.1
Namsos Lufthavn;SN72580;2021-05-20;12.1;7.7;5.4
Namsos Lufthavn;SN72580;2021-05-21;10.9;-;2.1
Namsos Lufthavn;SN72580;2021-05-22;16.5;10.1;7.3
Namsos Lufthavn;SN72580;2021-05-23;15;10.9;7
Namsos Lufthavn;SN72580;2021-05-24;15.1;-;6.4
Namsos Lufthavn;SN72580;2021-05-25;16.5;13.3;5.9
Namsos Lufthavn;SN72580;2021-05-26;21.1;13.9;5.7
Namsos Lufthavn;SN72580;2021-05-27;17.3;12.4;9.7
Namsos Lufthavn;SN72580;2021-05-28;13.2;8.5;5.9
Namsos Lufthavn;SN72580;2021-05-29;14.4;9.7;3.8
Namsos Lufthavn;SN72580;2021-05-30;17.4;10.9;3.5
Namsos Lufthavn;SN72580;2021-05-31;16.9;11.5;7.8
Namsos Lufthavn;SN72580;2021-06-01;26.9;18.3;6.1
Namsos Lufthavn;SN72580;2021-06-02;27.8;20.3;12.6
Namsos Lufthavn;SN72580;2021-06-03;27.2;18.8;9.9
Namsos Lufthavn;SN72580;2021-06-04;27.5;20;11.4
Namsos Lufthavn;SN72580;2021-06-05;23.8;16.6;10.5
Namsos Lufthavn;SN72580;2021-06-06;20.5;14.5;9
Namsos Lufthavn;SN72580;2021-06-07;17.4;14.3;12.4
Namsos Lufthavn;SN72580;2021-06-08;21.7;14.6;6.9
Namsos Lufthavn;SN72580;2021-06-09;23.5;16.1;8.3
Namsos Lufthavn;SN72580;2021-06-10;23.2;17.8;10.1
Namsos Lufthavn;SN72580;2021-06-11;23.1;16.5;13.6
Namsos Lufthavn;SN72580;2021-06-12;14.6;11.4;10.2
Namsos Lufthavn;SN72580;2021-06-13;11.5;9.6;8.3
Namsos Lufthavn;SN72580;2021-06-14;14.8;12;8.5
Namsos Lufthavn;SN72580;2021-06-15;12.4;8.8;6.9
Namsos Lufthavn;SN72580;2021-06-16;18.8;11.6;4.7
Namsos Lufthavn;SN72580;2021-06-17;18.5;14.1;11.8
Namsos Lufthavn;SN72580;2021-06-18;14.6;11.9;11.2
Namsos Lufthavn;SN72580;2021-06-19;19.8;11.5;8.2
Namsos Lufthavn;SN72580;2021-06-20;18.9;13.8;7
Namsos Lufthavn;SN72580;2021-06-21;18;13.7;12.4
Namsos Lufthavn;SN72580;2021-06-22;16.2;12.3;10.2
Namsos Lufthavn;SN72580;2021-06-23;19.3;13.4;7.2
Namsos Lufthavn;SN72580;2021-06-24;16.2;12.4;11
Namsos Lufthavn;SN72580;2021-06-25;14.8;11.7;10.1
Namsos Lufthavn;SN72580;2021-06-26;18.2;11.8;5
Namsos Lufthavn;SN72580;2021-06-27;13.8;12.3;9.8
Namsos Lufthavn;SN72580;2021-06-28;14.9;13;11.3
Namsos Lufthavn;SN72580;2021-06-29;13.4;10.7;10.1
Namsos Lufthavn;SN72580;2021-06-30;16.8;12.3;5.7
Namsos Lufthavn;SN72580;2021-07-01;26.2;17.4;6.3
Namsos Lufthavn;SN72580;2021-07-02;28.6;19.7;10.6
Namsos Lufthavn;SN72580;2021-07-03;32.3;22.5;11.9
Namsos Lufthavn;SN72580;2021-07-04;30.6;22.7;13.4
Namsos Lufthavn;SN72580;2021-07-05;29.9;23.4;17.1
Namsos Lufthavn;SN72580;2021-07-06;24.4;21.7;17.2
Namsos Lufthavn;SN72580;2021-07-07;24.6;19.6;17.7
Namsos Lufthavn;SN72580;2021-07-08;22.2;18.3;15.4
Namsos Lufthavn;SN72580;2021-07-09;26.4;19.7;11.7
Namsos Lufthavn;SN72580;2021-07-10;25.6;19.1;14.9
Namsos Lufthavn;SN72580;2021-07-11;21.5;17.3;15.8
Namsos Lufthavn;SN72580;2021-07-12;25;17.8;12.2
Namsos Lufthavn;SN72580;2021-07-13;20.2;16.4;12.4
Namsos Lufthavn;SN72580;2021-07-14;21.5;17.4;11
Namsos Lufthavn;SN72580;2021-07-15;21;15.7;13.7
Namsos Lufthavn;SN72580;2021-07-16;16.4;14.9;13.2
Namsos Lufthavn;SN72580;2021-07-17;15.8;13.7;12.9
Namsos Lufthavn;SN72580;2021-07-18;13.4;11.7;10.5
Namsos Lufthavn;SN72580;2021-07-19;12.3;11.6;11.2
Namsos Lufthavn;SN72580;2021-07-20;12.3;10.4;9.6
Namsos Lufthavn;SN72580;2021-07-21;13.5;11.7;9.1
Namsos Lufthavn;SN72580;2021-07-22;13.1;11.4;10.9
Namsos Lufthavn;SN72580;2021-07-23;13.7;11.8;9.9
Namsos Lufthavn;SN72580;2021-07-24;21.9;15.5;9.4
Namsos Lufthavn;SN72580;2021-07-25;22.9;17.2;12.6
Namsos Lufthavn;SN72580;2021-07-26;30.5;20.7;11.6
Namsos Lufthavn;SN72580;2021-07-27;28.7;23.4;16
Namsos Lufthavn;SN72580;2021-07-28;29.9;23.6;17.9
Namsos Lufthavn;SN72580;2021-07-29;27.6;19.5;15.1
Namsos Lufthavn;SN72580;2021-07-30;20.4;12.4;11.9
Namsos Lufthavn;SN72580;2021-07-31;16.1;12.4;10.4
Namsos Lufthavn;SN72580;2021-08-01;14.7;10.8;7.4
Namsos Lufthavn;SN72580;2021-08-02;13.9;10.2;5.9
Namsos Lufthavn;SN72580;2021-08-03;14.6;10.6;6.3
Namsos Lufthavn;SN72580;2021-08-04;17.6;11.6;4.9
Namsos Lufthavn;SN72580;2021-08-05;22.4;15.6;8.6
Namsos Lufthavn;SN72580;2021-08-06;25.3;18.6;11.3
Namsos Lufthavn;SN72580;2021-08-07;23.3;18.3;13.2
Namsos Lufthavn;SN72580;2021-08-08;21.3;16.1;12.2
Namsos Lufthavn;SN72580;2021-08-09;24.9;17.1;10.8
Namsos Lufthavn;SN72580;2021-08-10;20.9;14.4;9.7
Namsos Lufthavn;SN72580;2021-08-11;18.7;14.8;12.8
Namsos Lufthavn;SN72580;2021-08-12;21.6;16;12.3
Namsos Lufthavn;SN72580;2021-08-13;23;16;11.6
Namsos Lufthavn;SN72580;2021-08-14;17.6;15.1;14
Namsos Lufthavn;SN72580;2021-08-15;15.4;13.2;12.3
Namsos Lufthavn;SN72580;2021-08-16;15;12.7;11.3
Namsos Lufthavn;SN72580;2021-08-17;16.4;12.9;10.2
Namsos Lufthavn;SN72580;2021-08-18;15;12.3;8.4
Namsos Lufthavn;SN72580;2021-08-19;12.4;11.6;11.2
Namsos Lufthavn;SN72580;2021-08-20;11.9;11;10.5
Namsos Lufthavn;SN72580;2021-08-21;13.1;10.3;8.8
Namsos Lufthavn;SN72580;2021-08-22;13.2;9.9;7.7
Namsos Lufthavn;SN72580;2021-08-23;13.7;9.4;5.9
Namsos Lufthavn;SN72580;2021-08-24;13.2;10;6.3
Namsos Lufthavn;SN72580;2021-08-25;14.5;11.8;10.5
Namsos Lufthavn;SN72580;2021-08-26;18.5;11.3;3.6
Namsos Lufthavn;SN72580;2021-08-27;18.5;12.7;6.4
Namsos Lufthavn;SN72580;2021-08-28;19.9;12.3;6.3
Namsos Lufthavn;SN72580;2021-08-29;17.3;10.9;5.4
Namsos Lufthavn;SN72580;2021-08-30;15.6;11.7;6.8
Namsos Lufthavn;SN72580;2021-08-31;13.9;12.2;10.9
Namsos Lufthavn;SN72580;2021-09-01;13.8;11.5;10.6
Namsos Lufthavn;SN72580;2021-09-02;12.8;11.2;9.2
Namsos Lufthavn;SN72580;2021-09-03;11.5;8.2;6
Namsos Lufthavn;SN72580;2021-09-04;15;8.3;2.8
Namsos Lufthavn;SN72580;2021-09-05;13.9;8.4;2.7
Namsos Lufthavn;SN72580;2021-09-06;12.5;10.7;8.6
Namsos Lufthavn;SN72580;2021-09-07;14;13.2;12
Namsos Lufthavn;SN72580;2021-09-08;13.7;-;10.9
Namsos Lufthavn;SN72580;2021-09-09;13.9;10.1;9.1
Namsos Lufthavn;SN72580;2021-09-10;13.5;9;3
Namsos Lufthavn;SN72580;2021-09-11;17.3;13.4;10.2
Namsos Lufthavn;SN72580;2021-09-12;14.2;10.8;9.1
Namsos Lufthavn;SN72580;2021-09-13;10.3;8.4;6.1
Namsos Lufthavn;SN72580;2021-09-14;12.3;8.9;7
Namsos Lufthavn;SN72580;2021-09-15;16;9.9;4
Namsos Lufthavn;SN72580;2021-09-16;15.6;11.6;7.8
Namsos Lufthavn;SN72580;2021-09-17;14.7;11;9.7
Namsos Lufthavn;SN72580;2021-09-18;14.6;10.2;5.9
Namsos Lufthavn;SN72580;2021-09-19;15.3;10.9;7.4
Namsos Lufthavn;SN72580;2021-09-20;14.2;9.6;5.6
Namsos Lufthavn;SN72580;2021-09-21;13.3;10.1;6.7
Namsos Lufthavn;SN72580;2021-09-22;13.3;11;9.1
Namsos Lufthavn;SN72580;2021-09-23;11.5;8.8;7.2
Namsos Lufthavn;SN72580;2021-09-24;9.9;7.5;5.4
Namsos Lufthavn;SN72580;2021-09-25;11;9.4;7.8
Namsos Lufthavn;SN72580;2021-09-26;13.9;11.2;7.6
Namsos Lufthavn;SN72580;2021-09-27;19.4;14.5;8.7
Namsos Lufthavn;SN72580;2021-09-28;16;11.8;9.9
Namsos Lufthavn;SN72580;2021-09-29;15;12.5;10.1
Namsos Lufthavn;SN72580;2021-09-30;13.8;12.1;7
Namsos Lufthavn;SN72580;2021-10-01;15;12.8;10.4
Namsos Lufthavn;SN72580;2021-10-02;16.5;14;11.4
Namsos Lufthavn;SN72580;2021-10-03;15.6;13.4;3
Namsos Lufthavn;SN72580;2021-10-04;17.7;14;12.5
Namsos Lufthavn;SN72580;2021-10-05;17;10.2;6.7
Namsos Lufthavn;SN72580;2021-10-06;11.4;8.1;4.6
Namsos Lufthavn;SN72580;2021-10-07;10.8;9;8
Namsos Lufthavn;SN72580;2021-10-08;12.7;9.7;6.5
Namsos Lufthavn;SN72580;2021-10-09;12.6;11.2;9.5
Namsos Lufthavn;SN72580;2021-10-10;12.3;9.9;8.3
Namsos Lufthavn;SN72580;2021-10-11;8.8;7.4;5.4
Namsos Lufthavn;SN72580;2021-10-12;7.6;5.7;4.3
Namsos Lufthavn;SN72580;2021-10-13;6.4;4.4;1.3
Namsos Lufthavn;SN72580;2021-10-14;10.1;7;3.7
Namsos Lufthavn;SN72580;2021-10-15;8.3;4.8;3.2
Namsos Lufthavn;SN72580;2021-10-16;6.1;3.5;1
Namsos Lufthavn;SN72580;2021-10-17;7.3;4.7;2.6
Namsos Lufthavn;SN72580;2021-10-18;6;2;0.1
Namsos Lufthavn;SN72580;2021-10-19;4;2.4;-0.7
Namsos Lufthavn;SN72580;2021-10-20;6.1;5;3
Namsos Lufthavn;SN72580;2021-10-21;7.4;5.7;3.6
Namsos Lufthavn;SN72580;2021-10-22;6.4;2.3;0.2
Namsos Lufthavn;SN72580;2021-10-23;4.2;1.5;-0.7
Namsos Lufthavn;SN72580;2021-10-24;5.6;4.3;2.1
Namsos Lufthavn;SN72580;2021-10-25;8.1;6.8;5
Namsos Lufthavn;SN72580;2021-10-26;8.2;6;4.8
Namsos Lufthavn;SN72580;2021-10-27;10.7;7.6;3.7
Namsos Lufthavn;SN72580;2021-10-28;11.3;8.8;7.4
Namsos Lufthavn;SN72580;2021-10-29;9.7;8.3;6.6
Namsos Lufthavn;SN72580;2021-10-30;11.7;7.9;5.3
Namsos Lufthavn;SN72580;2021-10-31;11.2;8.3;3.4
Namsos Lufthavn;SN72580;2021-11-01;11.6;8.7;5.1
Namsos Lufthavn;SN72580;2021-11-02;12;9.4;7.2
Namsos Lufthavn;SN72580;2021-11-03;8.9;4.4;2.2
Namsos Lufthavn;SN72580;2021-11-04;5.5;4.3;1
Namsos Lufthavn;SN72580;2021-11-05;6.9;4.7;3.4
Namsos Lufthavn;SN72580;2021-11-06;5.1;3;0.9
Namsos Lufthavn;SN72580;2021-11-07;2;-0.4;-1.8
Namsos Lufthavn;SN72580;2021-11-08;-0.6;-2.8;-4.7
Namsos Lufthavn;SN72580;2021-11-09;7.1;1.6;-3.9
Namsos Lufthavn;SN72580;2021-11-10;7;5.5;3
Namsos Lufthavn;SN72580;2021-11-11;7.3;4.6;2.8
Namsos Lufthavn;SN72580;2021-11-12;6.3;2.3;-0.2
Namsos Lufthavn;SN72580;2021-11-13;1.3;-0.9;-1.6
Namsos Lufthavn;SN72580;2021-11-14;2;-1.3;-5.6
Namsos Lufthavn;SN72580;2021-11-15;4.4;1.2;-0.1
Namsos Lufthavn;SN72580;2021-11-16;5;4;0.9
Namsos Lufthavn;SN72580;2021-11-17;6.7;4.6;3.4
Namsos Lufthavn;SN72580;2021-11-18;4.5;2.5;1.1
Namsos Lufthavn;SN72580;2021-11-19;3.7;2.2;0.4
Namsos Lufthavn;SN72580;2021-11-20;5.3;2.7;0.5
Namsos Lufthavn;SN72580;2021-11-21;2.8;-0.3;-2.1
Namsos Lufthavn;SN72580;2021-11-22;5.5;2;-2.3
Namsos Lufthavn;SN72580;2021-11-23;7.9;4.5;0.6
Namsos Lufthavn;SN72580;2021-11-24;6.5;2;0.8
Namsos Lufthavn;SN72580;2021-11-25;4.1;0.3;-1
Namsos Lufthavn;SN72580;2021-11-26;-0.9;-2.7;-3.5
Namsos Lufthavn;SN72580;2021-11-27;-2.4;-5.1;-7.6
Namsos Lufthavn;SN72580;2021-11-28;-6.3;-9.7;-11.2
Namsos Lufthavn;SN72580;2021-11-29;-5.1;-7.8;-12.6
Namsos Lufthavn;SN72580;2021-11-30;-4;-6.3;-7.9
Namsos Lufthavn;SN72580;2021-12-01;1;-7.6;-8.7
Namsos Lufthavn;SN72580;2021-12-02;-7;-12;-16.1
Namsos Lufthavn;SN72580;2021-12-03;-5.5;-12.2;-19.2
Namsos Lufthavn;SN72580;2021-12-04;-3.4;-4.3;-5.8
Namsos Lufthavn;SN72580;2021-12-05;-4.9;-8.1;-9.3
Namsos Lufthavn;SN72580;2021-12-06;-9;-9.7;-10.5
Namsos Lufthavn;SN72580;2021-12-07;-6.1;-7.4;-9.9
Namsos Lufthavn;SN72580;2021-12-08;-4.5;-5.5;-7.6
Namsos Lufthavn;SN72580;2021-12-09;0.4;-0.7;-5.2
Namsos Lufthavn;SN72580;2021-12-10;1.3;-1.7;-4.1
Namsos Lufthavn;SN72580;2021-12-11;2.7;1.5;-5.2
Namsos Lufthavn;SN72580;2021-12-12;2.7;0.4;-1.8
Namsos Lufthavn;SN72580;2021-12-13;4.2;1.7;0.1
Namsos Lufthavn;SN72580;2021-12-14;5.3;3.6;-0.7
Namsos Lufthavn;SN72580;2021-12-15;7.3;5.8;2.1
Namsos Lufthavn;SN72580;2021-12-16;6.3;5.4;3.5
Namsos Lufthavn;SN72580;2021-12-17;7.6;5.1;1.7
Namsos Lufthavn;SN72580;2021-12-18;8.3;5.7;2.6
Namsos Lufthavn;SN72580;2021-12-19;5.3;3.5;1.6
Namsos Lufthavn;SN72580;2021-12-20;4.7;-1.2;-2.2
Namsos Lufthavn;SN72580;2021-12-21;-0.9;-2.7;-3.6
Namsos Lufthavn;SN72580;2021-12-22;-3.5;-4;-4.4
Namsos Lufthavn;SN72580;2021-12-23;2.9;-3.3;-7.3
Namsos Lufthavn;SN72580;2021-12-24;-7.1;-10.7;-15.6
Namsos Lufthavn;SN72580;2021-12-25;0.1;-2.1;-9.7
Namsos Lufthavn;SN72580;2021-12-26;-0.6;-4;-5
Namsos Lufthavn;SN72580;2021-12-27;-2.8;-4.5;-6.6
Namsos Lufthavn;SN72580;2021-12-28;-3.2;-6.6;-7.4
Namsos Lufthavn;SN72580;2021-12-29;-2.4;-5.8;-11
Namsos Lufthavn;SN72580;2021-12-30;-0.8;-3.4;-5.2
Namsos Lufthavn;SN72580;2021-12-31;3;-0.3;-5.1
Namsos Lufthavn;SN72580;2022-01-01;1.2;-4;-7.5
Namsos Lufthavn;SN72580;2022-01-02;0.7;-0.1;-3.3
Namsos Lufthavn;SN72580;2022-01-03;3.9;0.6;0
Namsos Lufthavn;SN72580;2022-01-04;0.4;-2.5;-3.5
Namsos Lufthavn;SN72580;2022-01-05;-2.1;-5.8;-10.4
Namsos Lufthavn;SN72580;2022-01-06;-1.7;-6.8;-10.2
Namsos Lufthavn;SN72580;2022-01-07;-4.5;-5.8;-10.3
Namsos Lufthavn;SN72580;2022-01-08;-3.6;-4.1;-5.6
Namsos Lufthavn;SN72580;2022-01-09;-2.1;-3.4;-6.8
Namsos Lufthavn;SN72580;2022-01-10;-2.6;-5.8;-8.2
Namsos Lufthavn;SN72580;2022-01-11;4.7;0.5;-6.8
Namsos Lufthavn;SN72580;2022-01-12;8.3;5.7;2.3
Namsos Lufthavn;SN72580;2022-01-13;8.8;5.1;3.7
Namsos Lufthavn;SN72580;2022-01-14;5.3;3;0.7
Namsos Lufthavn;SN72580;2022-01-15;5;2.6;0.8
Namsos Lufthavn;SN72580;2022-01-16;5.2;1.6;-0.9
Namsos Lufthavn;SN72580;2022-01-17;4.1;1.2;-1.2
Namsos Lufthavn;SN72580;2022-01-18;7.1;4.5;-0.4
Namsos Lufthavn;SN72580;2022-01-19;7.1;1.8;-2.1
Namsos Lufthavn;SN72580;2022-01-20;1.6;-0.6;-3.4
Namsos Lufthavn;SN72580;2022-01-21;0.5;-2.6;-4.9
Namsos Lufthavn;SN72580;2022-01-22;7.1;1.3;-5.3
Namsos Lufthavn;SN72580;2022-01-23;8.8;7.2;5.6
Namsos Lufthavn;SN72580;2022-01-24;8.7;2.7;0.6
Namsos Lufthavn;SN72580;2022-01-25;1.6;-0.3;-1.4
Namsos Lufthavn;SN72580;2022-01-26;3.6;2.2;-0.7
Namsos Lufthavn;SN72580;2022-01-27;3.8;1.8;0.5
Namsos Lufthavn;SN72580;2022-01-28;3.3;0.7;-1.5
Namsos Lufthavn;SN72580;2022-01-29;3.8;1.5;0.4
Namsos Lufthavn;SN72580;2022-01-30;3;0.9;-1.2
Namsos Lufthavn;SN72580;2022-01-31;0.6;-3.5;-4.9
Namsos Lufthavn;SN72580;2022-02-01;-3.2;-6.1;-7.6
Namsos Lufthavn;SN72580;2022-02-02;-6.1;-7.3;-9
Namsos Lufthavn;SN72580;2022-02-03;-3.6;-5.8;-7.8
Namsos Lufthavn;SN72580;2022-02-04;2.3;0;-5.2
Namsos Lufthavn;SN72580;2022-02-05;3.4;1.1;0.1
Namsos Lufthavn;SN72580;2022-02-06;2.4;0.1;-1.6
Namsos Lufthavn;SN72580;2022-02-07;4;-0.2;-3.8
Namsos Lufthavn;SN72580;2022-02-08;3.6;1.9;-2.5
Namsos Lufthavn;SN72580;2022-02-09;2.7;1.4;0.3
Namsos Lufthavn;SN72580;2022-02-10;2.8;0.8;-0.5
Namsos Lufthavn;SN72580;2022-02-11;0.3;-0.9;-2.8
Namsos Lufthavn;SN72580;2022-02-12;1.6;0.3;-0.6
Namsos Lufthavn;SN72580;2022-02-13;4.2;1.5;-0.6
Namsos Lufthavn;SN72580;2022-02-14;1.2;-4.5;-6.9
Namsos Lufthavn;SN72580;2022-02-15;-2.8;-3.6;-8.5
Namsos Lufthavn;SN72580;2022-02-16;-0.9;-2.4;-3.4
Namsos Lufthavn;SN72580;2022-02-17;-1.5;-3.8;-5.9
Namsos Lufthavn;SN72580;2022-02-18;-4.4;-7.3;-10
Namsos Lufthavn;SN72580;2022-02-19;2.1;-2.5;-6.3
Namsos Lufthavn;SN72580;2022-02-20;1;-1;-3.4
Namsos Lufthavn;SN72580;2022-02-21;-0.5;-3.8;-6.5
Namsos Lufthavn;SN72580;2022-02-22;-3.7;-7.1;-11.4
Namsos Lufthavn;SN72580;2022-02-23;4.5;1.2;-3.8
Namsos Lufthavn;SN72580;2022-02-24;5.2;1.5;0.3
Namsos Lufthavn;SN72580;2022-02-25;3.4;-0.3;-1.7
Namsos Lufthavn;SN72580;2022-02-26;1.7;-1.2;-4.4
Namsos Lufthavn;SN72580;2022-02-27;6.7;0.2;-5
Namsos Lufthavn;SN72580;2022-02-28;6.2;1.3;-3.4
Namsos Lufthavn;SN72580;2022-03-01;5.1;3.4;1.7
Namsos Lufthavn;SN72580;2022-03-02;5.3;3.8;2.1
Namsos Lufthavn;SN72580;2022-03-03;3.5;0.5;-1.4
Namsos Lufthavn;SN72580;2022-03-04;1;-1.6;-5.1
Namsos Lufthavn;SN72580;2022-03-05;3.5;0.5;-2.8
Namsos Lufthavn;SN72580;2022-03-06;5;3;1.2
Namsos Lufthavn;SN72580;2022-03-07;4.8;3.8;0.9
Namsos Lufthavn;SN72580;2022-03-08;7.4;3.5;0.8
Namsos Lufthavn;SN72580;2022-03-09;5.9;2.9;0
Namsos Lufthavn;SN72580;2022-03-10;7.1;3.4;0
Namsos Lufthavn;SN72580;2022-03-11;9.4;3.9;1.4
Namsos Lufthavn;SN72580;2022-03-12;11;4.9;-1
Namsos Lufthavn;SN72580;2022-03-13;8.9;5.2;0
Namsos Lufthavn;SN72580;2022-03-14;9;2.9;-0.8
Namsos Lufthavn;SN72580;2022-03-15;8.6;2.1;-2.6
Namsos Lufthavn;SN72580;2022-03-16;8.3;2.7;-3.1
Namsos Lufthavn;SN72580;2022-03-17;8.2;5.6;3.1
Namsos Lufthavn;SN72580;2022-03-18;6.5;4.7;2.7
Namsos Lufthavn;SN72580;2022-03-19;9.9;7.7;3.3
Namsos Lufthavn;SN72580;2022-03-20;11.1;3.7;0.4
Namsos Lufthavn;SN72580;2022-03-21;10.5;2.1;-2.7
Namsos Lufthavn;SN72580;2022-03-22;6.1;1.9;-3.1
Namsos Lufthavn;SN72580;2022-03-23;7.7;6.1;3.8
Namsos Lufthavn;SN72580;2022-03-24;8.7;6.4;5.1
Namsos Lufthavn;SN72580;2022-03-25;7.5;4.9;2.7
Namsos Lufthavn;SN72580;2022-03-26;5.3;2.2;1.1
Namsos Lufthavn;SN72580;2022-03-27;7.1;3.8;-0.2
Namsos Lufthavn;SN72580;2022-03-28;6.8;1.8;0.9
Namsos Lufthavn;SN72580;2022-03-29;2.7;-1.3;-5
Namsos Lufthavn;SN72580;2022-03-30;2.6;-0.3;-3.2
Namsos Lufthavn;SN72580;2022-03-31;4.8;-1.5;-5.8
Namsos Lufthavn;SN72580;2022-04-01;3.6;-1.5;-6.5
Namsos Lufthavn;SN72580;2022-04-02;2.3;0.6;-1.4
Namsos Lufthavn;SN72580;2022-04-03;1.9;-0.2;-0.9
Namsos Lufthavn;SN72580;2022-04-04;4.8;-1.5;-3.8
Namsos Lufthavn;SN72580;2022-04-05;1;-2.9;-7.3
Namsos Lufthavn;SN72580;2022-04-06;2.4;0.3;-4.7
Namsos Lufthavn;SN72580;2022-04-07;2.2;-0.3;-2.6
Namsos Lufthavn;SN72580;2022-04-08;1.2;-1.9;-7
Namsos Lufthavn;SN72580;2022-04-09;5.5;1.2;-5
Namsos Lufthavn;SN72580;2022-04-10;5.6;3.9;2.6
Namsos Lufthavn;SN72580;2022-04-11;5.2;3.7;2.5
Namsos Lufthavn;SN72580;2022-04-12;6.6;3.7;1.6
Namsos Lufthavn;SN72580;2022-04-13;9.6;4;-0.3
Namsos Lufthavn;SN72580;2022-04-14;8.6;2.6;-2.8
Namsos Lufthavn;SN72580;2022-04-15;11.4;4.3;-2.3
Namsos Lufthavn;SN72580;2022-04-16;9.3;5.9;2
Namsos Lufthavn;SN72580;2022-04-17;13.6;6.6;0.2
Namsos Lufthavn;SN72580;2022-04-18;16.6;9.1;2.1
Namsos Lufthavn;SN72580;2022-04-19;18.4;9.6;3.1
Namsos Lufthavn;SN72580;2022-04-20;17.9;8.1;0
Namsos Lufthavn;SN72580;2022-04-21;15.2;6.9;0.3
Namsos Lufthavn;SN72580;2022-04-22;11.5;6.4;0.6
Namsos Lufthavn;SN72580;2022-04-23;14.3;6.7;-0.7
Namsos Lufthavn;SN72580;2022-04-24;15.1;7.5;1
Namsos Lufthavn;SN72580;2022-04-25;8.9;5.1;3.7
Namsos Lufthavn;SN72580;2022-04-26;4.7;1.3;0
Namsos Lufthavn;SN72580;2022-04-27;3.6;1;-2.4
Namsos Lufthavn;SN72580;2022-04-28;5.8;3.1;0.9
Namsos Lufthavn;SN72580;2022-04-29;6.7;3.8;0.8
Namsos Lufthavn;SN72580;2022-04-30;6.7;4.7;3.6
Namsos Lufthavn;SN72580;2022-05-01;7.6;5.6;3.2
Namsos Lufthavn;SN72580;2022-05-02;7.1;3.9;2.2
Namsos Lufthavn;SN72580;2022-05-03;5.3;2.3;0.2
Namsos Lufthavn;SN72580;2022-05-04;7.9;3.6;-1.9
Namsos Lufthavn;SN72580;2022-05-05;7.4;5.7;3.4
Namsos Lufthavn;SN72580;2022-05-06;12.2;7.9;4.6
Namsos Lufthavn;SN72580;2022-05-07;9.1;3;1.1
Namsos Lufthavn;SN72580;2022-05-08;6.8;3.7;0.3
Namsos Lufthavn;SN72580;2022-05-09;8.9;6.8;3.7
Namsos Lufthavn;SN72580;2022-05-10;16.3;9;5.5
Namsos Lufthavn;SN72580;2022-05-11;15;9.5;5.8
Namsos Lufthavn;SN72580;2022-05-12;13;7;5.2
Namsos Lufthavn;SN72580;2022-05-13;11.6;7.2;5.2
Namsos Lufthavn;SN72580;2022-05-14;7.4;5.9;4.7
Namsos Lufthavn;SN72580;2022-05-15;7.2;5.5;3.8
Namsos Lufthavn;SN72580;2022-05-16;7.3;5.1;2.7
Namsos Lufthavn;SN72580;2022-05-17;14.8;7.5;-0.9
Namsos Lufthavn;SN72580;2022-05-18;17.6;10.3;2.5
Namsos Lufthavn;SN72580;2022-05-19;17.3;11.5;4
Namsos Lufthavn;SN72580;2022-05-20;18.8;13.4;8.5
Namsos Lufthavn;SN72580;2022-05-21;18.2;13.4;8.9
Namsos Lufthavn;SN72580;2022-05-22;14.6;10.7;7.2
Namsos Lufthavn;SN72580;2022-05-23;19.6;14.5;8.5
Namsos Lufthavn;SN72580;2022-05-24;20.3;16.1;9.4
Namsos Lufthavn;SN72580;2022-05-25;18.4;12;9.2
Namsos Lufthavn;SN72580;2022-05-26;17.5;9.6;0.6
Namsos Lufthavn;SN72580;2022-05-27;11;9.1;7.1
Namsos Lufthavn;SN72580;2022-05-28;9.7;7.1;5.9
Namsos Lufthavn;SN72580;2022-05-29;13.2;8.2;4.4
Namsos Lufthavn;SN72580;2022-05-30;20.5;14.2;6.3
Namsos Lufthavn;SN72580;2022-05-31;19.7;15.4;11.1
Namsos Lufthavn;SN72580;2022-06-01;17.7;13.2;8.9
Namsos Lufthavn;SN72580;2022-06-02;20.6;14;10.3
Namsos Lufthavn;SN72580;2022-06-03;14.6;11.1;8.8
Namsos Lufthavn;SN72580;2022-06-04;10.7;8.4;7.6
Namsos Lufthavn;SN72580;2022-06-05;8.9;6.9;6
Namsos Lufthavn;SN72580;2022-06-06;17.4;10.4;1.9
Namsos Lufthavn;SN72580;2022-06-07;14.2;10.4;7.4
Namsos Lufthavn;SN72580;2022-06-08;14.9;10.7;7.1
Namsos Lufthavn;SN72580;2022-06-09;14.4;10.9;8.5
Namsos Lufthavn;SN72580;2022-06-10;22.2;13.9;3.3
Namsos Lufthavn;SN72580;2022-06-11;18.8;13.6;10.5
Namsos Lufthavn;SN72580;2022-06-12;19.2;13.6;11.5
Namsos Lufthavn;SN72580;2022-06-13;13.6;11;9.9
Namsos Lufthavn;SN72580;2022-06-14;12.3;10.1;9.3
Namsos Lufthavn;SN72580;2022-06-15;13.3;10.7;8.8
Namsos Lufthavn;SN72580;2022-06-16;15.4;12.4;9.7
Namsos Lufthavn;SN72580;2022-06-17;19.1;14.9;10.4
Namsos Lufthavn;SN72580;2022-06-18;19.5;12;10.9
Namsos Lufthavn;SN72580;2022-06-19;14.5;11.7;9.7
Namsos Lufthavn;SN72580;2022-06-20;18.4;13.5;8.6
Namsos Lufthavn;SN72580;2022-06-21;16.7;10.2;8.5
Namsos Lufthavn;SN72580;2022-06-22;14.8;10.7;6
Namsos Lufthavn;SN72580;2022-06-23;13.3;12.2;10.4
Namsos Lufthavn;SN72580;2022-06-24;25.1;18.2;12.1
Namsos Lufthavn;SN72580;2022-06-25;28.9;21.4;13.2
Namsos Lufthavn;SN72580;2022-06-26;31.5;22;13.9
Namsos Lufthavn;SN72580;2022-06-27;24.7;21.3;18.8
Namsos Lufthavn;SN72580;2022-06-28;28.1;17.7;13
Namsos Lufthavn;SN72580;2022-06-29;16.9;14.4;11.9
Namsos Lufthavn;SN72580;2022-06-30;28.9;21.1;11.8
Namsos Lufthavn;SN72580;2022-07-01;27.6;23.4;18.8
Namsos Lufthavn;SN72580;2022-07-02;23.7;16.8;12.9
Namsos Lufthavn;SN72580;2022-07-03;22.2;15.7;10.7
Namsos Lufthavn;SN72580;2022-07-04;22.9;15.2;10.1
Namsos Lufthavn;SN72580;2022-07-05;15.7;12.5;11.3
Namsos Lufthavn;SN72580;2022-07-06;12.7;10.5;9.2
Namsos Lufthavn;SN72580;2022-07-07;12.4;10.7;9.5
Namsos Lufthavn;SN72580;2022-07-08;12.9;11.4;9.5
Namsos Lufthavn;SN72580;2022-07-09;15.4;12.1;9.6
Namsos Lufthavn;SN72580;2022-07-10;13.9;12;11
Namsos Lufthavn;SN72580;2022-07-11;17.5;13;5.8
Namsos Lufthavn;SN72580;2022-07-12;25.7;17.3;10.2
Namsos Lufthavn;SN72580;2022-07-13;18.2;13.3;11.4
Namsos Lufthavn;SN72580;2022-07-14;14.2;10.7;10
Namsos Lufthavn;SN72580;2022-07-15;12.7;11.1;9.8
Namsos Lufthavn;SN72580;2022-07-16;11.8;10.3;9.3
Namsos Lufthavn;SN72580;2022-07-17;14.3;11.5;8.8
Namsos Lufthavn;SN72580;2022-07-18;14.9;12.4;10.4
Namsos Lufthavn;SN72580;2022-07-19;16.5;12.6;9.8
Namsos Lufthavn;SN72580;2022-07-20;21.7;16.4;11.7
Namsos Lufthavn;SN72580;2022-07-21;18;13.5;12.5
Namsos Lufthavn;SN72580;2022-07-22;14.4;12;10.5
Namsos Lufthavn;SN72580;2022-07-23;15.2;11.5;6.3
Namsos Lufthavn;SN72580;2022-07-24;21.7;14.9;8.6
Namsos Lufthavn;SN72580;2022-07-25;25.5;19.4;14.8
Namsos Lufthavn;SN72580;2022-07-26;20.9;13.9;12.6
Namsos Lufthavn;SN72580;2022-07-27;12.6;10.9;9.8
Namsos Lufthavn;SN72580;2022-07-28;14.3;11.5;8.9
Namsos Lufthavn;SN72580;2022-07-29;22.2;15.9;10.4
Namsos Lufthavn;SN72580;2022-07-30;26;17.6;10.2
Namsos Lufthavn;SN72580;2022-07-31;20.4;14.3;11.5
Namsos Lufthavn;SN72580;2022-08-01;13.2;11;9.9
Namsos Lufthavn;SN72580;2022-08-02;18.8;13.5;6.2
Namsos Lufthavn;SN72580;2022-08-03;20.2;15.3;12.8
Namsos Lufthavn;SN72580;2022-08-04;16.7;13.2;12.7
Namsos Lufthavn;SN72580;2022-08-05;16.5;12.4;9.9
Namsos Lufthavn;SN72580;2022-08-06;14.8;11.7;8.4
Namsos Lufthavn;SN72580;2022-08-07;15.2;11.6;9.6
Namsos Lufthavn;SN72580;2022-08-08;18.4;12.2;4.9
Namsos Lufthavn;SN72580;2022-08-09;17;14;11.2
Namsos Lufthavn;SN72580;2022-08-10;20.8;16.2;12.9
Namsos Lufthavn;SN72580;2022-08-11;19.7;13.4;13.2
Namsos Lufthavn;SN72580;2022-08-12;16.9;12.6;9.8
Namsos Lufthavn;SN72580;2022-08-13;17.8;12.9;9.2
Namsos Lufthavn;SN72580;2022-08-14;23.3;16.3;8.5
Namsos Lufthavn;SN72580;2022-08-15;26.9;20.7;13.8
Namsos Lufthavn;SN72580;2022-08-16;26.1;21.1;18.2
Namsos Lufthavn;SN72580;2022-08-17;19.4;11.5;10.1
Namsos Lufthavn;SN72580;2022-08-18;20.2;14.7;9.2
Namsos Lufthavn;SN72580;2022-08-19;23.8;18.1;14.6
Namsos Lufthavn;SN72580;2022-08-20;21.7;14.3;11.1
Namsos Lufthavn;SN72580;2022-08-21;21.9;14.8;12.4
Namsos Lufthavn;SN72580;2022-08-22;14.3;12.3;10.7
Namsos Lufthavn;SN72580;2022-08-23;20.2;13.5;7.8
Namsos Lufthavn;SN72580;2022-08-24;26.1;17.6;9.4
Namsos Lufthavn;SN72580;2022-08-25;25.2;18.3;13.3
Namsos Lufthavn;SN72580;2022-08-26;22.5;17;14.5
Namsos Lufthavn;SN72580;2022-08-27;15.1;12.6;11.5
Namsos Lufthavn;SN72580;2022-08-28;14.2;11.1;9.6
Namsos Lufthavn;SN72580;2022-08-29;13.8;10.6;9
Namsos Lufthavn;SN72580;2022-08-30;14.4;10.9;7.8
Namsos Lufthavn;SN72580;2022-08-31;13.2;10.1;6
Namsos Lufthavn;SN72580;2022-09-01;15.5;10.2;8.1
Namsos Lufthavn;SN72580;2022-09-02;16.4;10.7;5.2
Namsos Lufthavn;SN72580;2022-09-03;16.2;10.5;6.3
Namsos Lufthavn;SN72580;2022-09-04;17.8;11.8;5.2
Namsos Lufthavn;SN72580;2022-09-05;18.8;10.8;5
Namsos Lufthavn;SN72580;2022-09-06;14.5;8;3
Namsos Lufthavn;SN72580;2022-09-07;16.9;9;2.2
Namsos Lufthavn;SN72580;2022-09-08;19.8;12.7;8.7
Namsos Lufthavn;SN72580;2022-09-09;19.2;11;5.5
Namsos Lufthavn;SN72580;2022-09-10;17.3;9.8;5
Namsos Lufthavn;SN72580;2022-09-11;13.4;9.7;5.5
Namsos Lufthavn;SN72580;2022-09-12;15;10.5;5.9
Namsos Lufthavn;SN72580;2022-09-13;13.9;12.4;10.9
Namsos Lufthavn;SN72580;2022-09-14;14.8;12.1;11.2
Namsos Lufthavn;SN72580;2022-09-15;13.2;11;9.2
Namsos Lufthavn;SN72580;2022-09-16;13.3;11.9;10.5
Namsos Lufthavn;SN72580;2022-09-17;14;11.3;10.3
Namsos Lufthavn;SN72580;2022-09-18;12.3;10.4;9.5
Namsos Lufthavn;SN72580;2022-09-19;12;9.5;8.4
Namsos Lufthavn;SN72580;2022-09-20;12;7.6;5.6
Namsos Lufthavn;SN72580;2022-09-21;9.5;7;3.2
Namsos Lufthavn;SN72580;2022-09-22;15.7;11.4;8
Namsos Lufthavn;SN72580;2022-09-23;13.2;10.3;9.8
Namsos Lufthavn;SN72580;2022-09-24;11.8;8.6;5.8
Namsos Lufthavn;SN72580;2022-09-25;15.5;10.3;4.8
Namsos Lufthavn;SN72580;2022-09-26;13.9;12.4;10.7
Namsos Lufthavn;SN72580;2022-09-27;14.9;12.8;11.3
Namsos Lufthavn;SN72580;2022-09-28;15.3;12.1;10.4
Namsos Lufthavn;SN72580;2022-09-29;14.4;10.6;7
Namsos Lufthavn;SN72580;2022-09-30;13.6;9.5;7.3
Namsos Lufthavn;SN72580;2022-10-01;15.8;11.2;6.4
Namsos Lufthavn;SN72580;2022-10-02;12.2;10.1;8.7
Namsos Lufthavn;SN72580;2022-10-03;11.2;10.1;8.6
Namsos Lufthavn;SN72580;2022-10-04;13.1;10.4;7.4
Namsos Lufthavn;SN72580;2022-10-05;11;9.3;6.1
Namsos Lufthavn;SN72580;2022-10-06;10.8;8.9;7.6
Namsos Lufthavn;SN72580;2022-10-07;11.9;9.1;7.3
Namsos Lufthavn;SN72580;2022-10-08;9.9;7;5.6
Namsos Lufthavn;SN72580;2022-10-09;10.1;8;5.8
Namsos Lufthavn;SN72580;2022-10-10;13.6;9.1;6.7
Namsos Lufthavn;SN72580;2022-10-11;8.8;6.7;5.8
Namsos Lufthavn;SN72580;2022-10-12;7.3;6;3.4
Namsos Lufthavn;SN72580;2022-10-13;8.4;6.6;6.4
Namsos Lufthavn;SN72580;2022-10-14;10.1;5.8;0.9
Namsos Lufthavn;SN72580;2022-10-15;9.4;5.8;4
Namsos Lufthavn;SN72580;2022-10-16;10.3;6;3
Namsos Lufthavn;SN72580;2022-10-17;6.5;2.8;0
Namsos Lufthavn;SN72580;2022-10-18;6.9;5.2;2.2
Namsos Lufthavn;SN72580;2022-10-19;7.9;6.4;4.7
Namsos Lufthavn;SN72580;2022-10-20;8.4;6.6;5.7
Namsos Lufthavn;SN72580;2022-10-21;7.9;5.7;4.5
Namsos Lufthavn;SN72580;2022-10-22;6.7;3;-0.7
Namsos Lufthavn;SN72580;2022-10-23;5.8;2.6;-1.2
Namsos Lufthavn;SN72580;2022-10-24;5.6;3.2;-1.3
Namsos Lufthavn;SN72580;2022-10-25;9;7.1;4.4
Namsos Lufthavn;SN72580;2022-10-26;8;6.7;5.4
Namsos Lufthavn;SN72580;2022-10-27;9.1;7.9;6.4
Namsos Lufthavn;SN72580;2022-10-28;11.2;8.8;7.1
Namsos Lufthavn;SN72580;2022-10-29;10.2;7.1;5.7
Namsos Lufthavn;SN72580;2022-10-30;6.3;3.9;0.1
Namsos Lufthavn;SN72580;2022-10-31;6.6;5.1;3.7
Namsos Lufthavn;SN72580;2022-11-01;10.5;7;3.7
Namsos Lufthavn;SN72580;2022-11-02;11.1;9.5;7.1
Namsos Lufthavn;SN72580;2022-11-03;12;7.5;5.1
Namsos Lufthavn;SN72580;2022-11-04;13;9.5;6
Namsos Lufthavn;SN72580;2022-11-05;10.2;8.6;7.3
Namsos Lufthavn;SN72580;2022-11-06;9.7;4.7;3.4
Namsos Lufthavn;SN72580;2022-11-07;4.3;1.8;-0.4
Namsos Lufthavn;SN72580;2022-11-08;4.1;2.1;-0.6
Namsos Lufthavn;SN72580;2022-11-09;4.2;2.6;1.1
Namsos Lufthavn;SN72580;2022-11-10;6.8;3.7;1.2
Namsos Lufthavn;SN72580;2022-11-11;11.6;9.5;5
Namsos Lufthavn;SN72580;2022-11-12;10.3;8.9;7.3
Namsos Lufthavn;SN72580;2022-11-13;8.9;4.9;3.9
Namsos Lufthavn;SN72580;2022-11-14;5.5;4.7;3.5
Namsos Lufthavn;SN72580;2022-11-15;5.7;4.2;2.7
Namsos Lufthavn;SN72580;2022-11-16;4.8;2.9;1.2
Namsos Lufthavn;SN72580;2022-11-17;5.7;3.2;1.3
Namsos Lufthavn;SN72580;2022-11-18;5;1.5;-1.7
Namsos Lufthavn;SN72580;2022-11-19;1.9;-0.8;-2.1
Namsos Lufthavn;SN72580;2022-11-20;0.7;-3.5;-4.4
Namsos Lufthavn;SN72580;2022-11-21;-1.6;-4;-7.9
Namsos Lufthavn;SN72580;2022-11-22;0;-1;-3.8
Namsos Lufthavn;SN72580;2022-11-23;3;0.7;-0.7
Namsos Lufthavn;SN72580;2022-11-24;1.8;0.6;-1.4
Namsos Lufthavn;SN72580;2022-11-25;4.4;2.8;0.8
Namsos Lufthavn;SN72580;2022-11-26;3.5;2.4;0.8
Namsos Lufthavn;SN72580;2022-11-27;8.3;4.2;0.6
Namsos Lufthavn;SN72580;2022-11-28;7.3;4.4;3.5
Namsos Lufthavn;SN72580;2022-11-29;4.7;3.2;0.9
Namsos Lufthavn;SN72580;2022-11-30;2.8;0.3;-0.6
Namsos Lufthavn;SN72580;2022-12-01;0.8;-0.9;-2.9
Namsos Lufthavn;SN72580;2022-12-02;-0.4;-3.4;-5.4
Namsos Lufthavn;SN72580;2022-12-03;0.7;-3.1;-5.6
Namsos Lufthavn;SN72580;2022-12-04;-4.1;-5.6;-7.5
Namsos Lufthavn;SN72580;2022-12-05;3.1;0;-4.8
Namsos Lufthavn;SN72580;2022-12-06;4;-0.6;-3.5
Namsos Lufthavn;SN72580;2022-12-07;2.5;-0.4;-5.4
Namsos Lufthavn;SN72580;2022-12-08;-0.7;-5.2;-8.9
Namsos Lufthavn;SN72580;2022-12-09;-2.8;-7.8;-11.1
Namsos Lufthavn;SN72580;2022-12-10;-10.4;-14.4;-16.1
Namsos Lufthavn;SN72580;2022-12-11;-14.4;-16.1;-17.4
Namsos Lufthavn;SN72580;2022-12-12;-6.6;-9.8;-16.7
Namsos Lufthavn;SN72580;2022-12-13;-8.4;-15.8;-18.7
Namsos Lufthavn;SN72580;2022-12-14;-11.4;-13.7;-15.8
Namsos Lufthavn;SN72580;2022-12-15;-8.8;-11.5;-15.4
Namsos Lufthavn;SN72580;2022-12-16;-0.6;-5.7;-13.4
Namsos Lufthavn;SN72580;2022-12-17;-0.3;-6.6;-11.3
Namsos Lufthavn;SN72580;2022-12-18;1.9;-3.2;-13
Namsos Lufthavn;SN72580;2022-12-19;1.9;-2.9;-6
Namsos Lufthavn;SN72580;2022-12-20;0.7;-0.7;-2.2
Namsos Lufthavn;SN72580;2022-12-21;0.2;-1.6;-3.8
Namsos Lufthavn;SN72580;2022-12-22;0.4;-2.7;-6.8
Namsos Lufthavn;SN72580;2022-12-23;0;-2;-5.8
Namsos Lufthavn;SN72580;2022-12-24;1.4;-0.6;-1.4
Namsos Lufthavn;SN72580;2022-12-25;0;-3.3;-8.2
Namsos Lufthavn;SN72580;2022-12-26;4.2;1.9;-2
Namsos Lufthavn;SN72580;2022-12-27;5;2.6;0.7
Namsos Lufthavn;SN72580;2022-12-28;2.7;-2.6;-4.9
Namsos Lufthavn;SN72580;2022-12-29;3.5;0;-6.4
Namsos Lufthavn;SN72580;2022-12-30;4.5;1.9;-1.4
Namsos Lufthavn;SN72580;2022-12-31;6.2;3.3;-0.2
Namsos Lufthavn;SN72580;2023-01-01;2.1;-0.4;-3.2
Namsos Lufthavn;SN72580;2023-01-02;-0.7;-8.9;-11.4
Namsos Lufthavn;SN72580;2023-01-03;-4.5;-5.8;-9.4
Namsos Lufthavn;SN72580;2023-01-04;-2.7;-3.9;-6
Namsos Lufthavn;SN72580;2023-01-05;-3.1;-3.9;-4.8
Namsos Lufthavn;SN72580;2023-01-06;-2.6;-3.3;-4.5
Namsos Lufthavn;SN72580;2023-01-07;-1.1;-1.8;-3.1
Namsos Lufthavn;SN72580;2023-01-08;6.8;4.2;-1.5
Namsos Lufthavn;SN72580;2023-01-09;6.3;4.7;2
Namsos Lufthavn;SN72580;2023-01-10;6.4;3.1;1.2
Namsos Lufthavn;SN72580;2023-01-11;6.6;3.4;0.4
Namsos Lufthavn;SN72580;2023-01-12;8;4.6;3
Namsos Lufthavn;SN72580;2023-01-13;4.3;0.6;-0.8
Namsos Lufthavn;SN72580;2023-01-14;0.1;-0.8;-2.7
Namsos Lufthavn;SN72580;2023-01-15;0;-1.4;-2.5
Namsos Lufthavn;SN72580;2023-01-16;-1.7;-2.8;-3.2
Namsos Lufthavn;SN72580;2023-01-17;2.4;-0.1;-5.4
Namsos Lufthavn;SN72580;2023-01-18;2.6;0.5;-0.8
Namsos Lufthavn;SN72580;2023-01-19;0.8;-2.2;-5.3
Namsos Lufthavn;SN72580;2023-01-20;2.9;0.6;-4.7
Namsos Lufthavn;SN72580;2023-01-21;1.3;0.1;-1.1
Namsos Lufthavn;SN72580;2023-01-22;1.4;-2.1;-5.2
Namsos Lufthavn;SN72580;2023-01-23;5.8;1.7;-4.4
Namsos Lufthavn;SN72580;2023-01-24;7.5;3.7;0.4
Namsos Lufthavn;SN72580;2023-01-25;8.3;6.1;4.4
Namsos Lufthavn;SN72580;2023-01-26;4.9;1;0.2
Namsos Lufthavn;SN72580;2023-01-27;5.1;2.5;-1.7
Namsos Lufthavn;SN72580;2023-01-28;5.3;1.7;0.8
Namsos Lufthavn;SN72580;2023-01-29;4.3;1.8;0.2
Namsos Lufthavn;SN72580;2023-01-30;3.3;2.1;0.8
Namsos Lufthavn;SN72580;2023-01-31;4;1.6;-0.2
Namsos Lufthavn;SN72580;2023-02-01;-0.1;-3.2;-4.4
Namsos Lufthavn;SN72580;2023-02-02;-3.8;-4.8;-5.5
Namsos Lufthavn;SN72580;2023-02-03;-3.2;-5.8;-8.1
Namsos Lufthavn;SN72580;2023-02-04;-5.8;-10.4;-14.8
Namsos Lufthavn;SN72580;2023-02-05;4.9;0.4;-6.1
Namsos Lufthavn;SN72580;2023-02-06;6.7;3.8;-3.1
Namsos Lufthavn;SN72580;2023-02-07;8.2;4.9;1.3
Namsos Lufthavn;SN72580;2023-02-08;8.6;5.4;-0.8
Namsos Lufthavn;SN72580;2023-02-09;8;1.8;0.2
Namsos Lufthavn;SN72580;2023-02-10;2.4;0;-1.6
Namsos Lufthavn;SN72580;2023-02-11;-0.5;-3.8;-7.1
Namsos Lufthavn;SN72580;2023-02-12;7.6;5.3;-2.8
Namsos Lufthavn;SN72580;2023-02-13;8.1;5.9;3
Namsos Lufthavn;SN72580;2023-02-14;6.9;3;1.1
Namsos Lufthavn;SN72580;2023-02-15;4.3;0.6;-2.6
Namsos Lufthavn;SN72580;2023-02-17;4.2;-;1
Namsos Lufthavn;SN72580;2023-02-18;3.1;0.6;-1.1
Namsos Lufthavn;SN72580;2023-02-19;1.7;0.6;-0.5
Namsos Lufthavn;SN72580;2023-02-20;1.2;-2.3;-2.7
Namsos Lufthavn;SN72580;2023-02-21;-2.2;-7.3;-10.2
Namsos Lufthavn;SN72580;2023-02-22;-0.9;-2.1;-9.2
Namsos Lufthavn;SN72580;2023-02-23;2;0.4;-1.3
Namsos Lufthavn;SN72580;2023-02-24;1.3;-0.6;-2.9
Namsos Lufthavn;SN72580;2023-02-25;2;-0.1;-3.3
Namsos Lufthavn;SN72580;2023-02-26;4.2;2.6;-0.7
Namsos Lufthavn;SN72580;2023-02-27;5.2;4.3;3.2
Namsos Lufthavn;SN72580;2023-02-28;5;3.8;2.8
Namsos Lufthavn;SN72580;2023-03-01;6.2;4.7;3.1
Namsos Lufthavn;SN72580;2023-03-02;6.7;4.3;2.5
Namsos Lufthavn;SN72580;2023-03-03;5.7;0.8;-2.1
Namsos Lufthavn;SN72580;2023-03-04;1.4;-0.4;-4.2
Namsos Lufthavn;SN72580;2023-03-05;1.6;-4.2;-8.6
Namsos Lufthavn;SN72580;2023-03-06;-3;-7.3;-10.2
Namsos Lufthavn;SN72580;2023-03-07;-5.3;-7.8;-9.6
Namsos Lufthavn;SN72580;2023-03-08;-6.2;-8.5;-12.5
Namsos Lufthavn;SN72580;2023-03-09;-6.8;-10.6;-15
Namsos Lufthavn;SN72580;2023-03-10;-4.3;-5.7;-11.5
Namsos Lufthavn;SN72580;2023-03-11;-0.2;-2.7;-7
Namsos Lufthavn;SN72580;2023-03-12;-1.9;-5.4;-8.4
Namsos Lufthavn;SN72580;2023-03-13;-2.2;-3.5;-7.6
Namsos Lufthavn;SN72580;2023-03-14;2.6;-1.4;-6.2
Namsos Lufthavn;SN72580;2023-03-15;1.1;-1;-4.7
Namsos Lufthavn;SN72580;2023-03-16;1.4;-2.3;-7.8
Namsos Lufthavn;SN72580;2023-03-17;2.8;1.6;-2.2
Namsos Lufthavn;SN72580;2023-03-18;4.8;2.4;1.8
Namsos Lufthavn;SN72580;2023-03-19;4.7;0.5;-3.8
Namsos Lufthavn;SN72580;2023-03-20;4.8;1.2;0.2
Namsos Lufthavn;SN72580;2023-03-21;2.4;0.1;-1.7
Namsos Lufthavn;SN72580;2023-03-22;2.1;0.1;-1.9
Namsos Lufthavn;SN72580;2023-03-23;0.6;-1.4;-2.3
Namsos Lufthavn;SN72580;2023-03-24;1.6;-2.1;-3
Namsos Lufthavn;SN72580;2023-03-25;-1.1;-7.1;-12.6
Namsos Lufthavn;SN72580;2023-03-26;0.6;-5.2;-11.7
Namsos Lufthavn;SN72580;2023-03-27;0.5;-4.2;-6.8
Namsos Lufthavn;SN72580;2023-03-28;1;-6.9;-14.6
Namsos Lufthavn;SN72580;2023-03-29;0.8;-6.4;-12.1
Namsos Lufthavn;SN72580;2023-03-30;0;-7.7;-15.2
Namsos Lufthavn;SN72580;2023-03-31;4;-5.2;-13.3
Namsos Lufthavn;SN72580;2023-04-01;8.3;-2.2;-9.2
Namsos Lufthavn;SN72580;2023-04-02;4.9;-0.4;-6.6
Namsos Lufthavn;SN72580;2023-04-03;2.2;0.9;-2.3
Namsos Lufthavn;SN72580;2023-04-04;5.9;2.7;1.3
Namsos Lufthavn;SN72580;2023-04-05;10.3;5.2;-0.4
Namsos Lufthavn;SN72580;2023-04-06;7.8;5.1;1.9
Namsos Lufthavn;SN72580;2023-04-07;7.5;3.7;-1.8
Namsos Lufthavn;SN72580;2023-04-08;7.9;4.5;1.1
Namsos Lufthavn;SN72580;2023-04-09;9.6;4.2;-2
Namsos Lufthavn;SN72580;2023-04-10;8.7;5.6;1.6
Namsos Lufthavn;SN72580;2023-04-11;10.8;7.9;4
Namsos Lufthavn;SN72580;2023-04-12;11.1;8.5;5.5
Namsos Lufthavn;SN72580;2023-04-13;10.4;8.1;6.2
Namsos Lufthavn;SN72580;2023-04-14;8.3;5.8;4
Namsos Lufthavn;SN72580;2023-04-15;8.6;6.5;4.5
Namsos Lufthavn;SN72580;2023-04-16;8;4.8;3.5
Namsos Lufthavn;SN72580;2023-04-17;13.4;5.4;-0.5
Namsos Lufthavn;SN72580;2023-04-18;15.5;6.9;0.1
Namsos Lufthavn;SN72580;2023-04-19;13.5;6.3;-0.8
Namsos Lufthavn;SN72580;2023-04-20;14.4;7.4;2.6
Namsos Lufthavn;SN72580;2023-04-21;12.8;6.8;2.8
Namsos Lufthavn;SN72580;2023-04-22;8.2;3.5;0.8
Namsos Lufthavn;SN72580;2023-04-23;5;1.6;-1.5
Namsos Lufthavn;SN72580;2023-04-24;5;1.9;-0.1
Namsos Lufthavn;SN72580;2023-04-25;3.1;0.5;-0.8
Namsos Lufthavn;SN72580;2023-04-26;3.1;1.2;-1.2
Namsos Lufthavn;SN72580;2023-04-27;3.9;2.7;1.7
Namsos Lufthavn;SN72580;2023-04-28;7.4;3.8;1.3
Namsos Lufthavn;SN72580;2023-04-29;8.7;3.5;-1.8
Namsos Lufthavn;SN72580;2023-04-30;6.5;2.9;0.5
Namsos Lufthavn;SN72580;2023-05-01;5.2;2.9;1.6
Namsos Lufthavn;SN72580;2023-05-02;9.4;4.1;0.7
Namsos Lufthavn;SN72580;2023-05-03;5.9;1.9;-1.6
Namsos Lufthavn;SN72580;2023-05-04;6.6;2.3;-1
Namsos Lufthavn;SN72580;2023-05-05;10.2;4.4;-2.5
Namsos Lufthavn;SN72580;2023-05-06;13.8;6.6;0.3
Namsos Lufthavn;SN72580;2023-05-07;14.8;7.1;0.3
Namsos Lufthavn;SN72580;2023-05-08;16;10.1;1.8
Namsos Lufthavn;SN72580;2023-05-09;17.7;11.6;4.4
Namsos Lufthavn;SN72580;2023-05-10;18.6;13.5;8.9
Namsos Lufthavn;SN72580;2023-05-11;18;10.3;3.5
Namsos Lufthavn;SN72580;2023-05-12;16.5;10.6;7.4
Namsos Lufthavn;SN72580;2023-05-13;17.6;10;2.8
Namsos Lufthavn;SN72580;2023-05-14;21.8;13.9;4.2
Namsos Lufthavn;SN72580;2023-05-15;17.8;12.3;8.7
Namsos Lufthavn;SN72580;2023-05-16;12;7.4;6
Namsos Lufthavn;SN72580;2023-05-17;7.5;5;3.7
Namsos Lufthavn;SN72580;2023-05-18;13.7;8.6;3.8
Namsos Lufthavn;SN72580;2023-05-19;15.7;10.3;7.4
Namsos Lufthavn;SN72580;2023-05-20;18.8;11.7;7.6
Namsos Lufthavn;SN72580;2023-05-21;15;10.4;6.3
Namsos Lufthavn;SN72580;2023-05-22;22.3;14;6.1
Namsos Lufthavn;SN72580;2023-05-23;16.3;8.3;7.5
Namsos Lufthavn;SN72580;2023-05-24;10.9;7.7;3.8
Namsos Lufthavn;SN72580;2023-05-25;8.6;6.1;4.3
Namsos Lufthavn;SN72580;2023-05-26;8.2;5.3;2.2
Namsos Lufthavn;SN72580;2023-05-27;11.3;8;4.3
Namsos Lufthavn;SN72580;2023-05-28;10.9;6.3;5.2
Namsos Lufthavn;SN72580;2023-05-29;9.7;6.9;4.4
Namsos Lufthavn;SN72580;2023-05-30;10.1;8.4;6.4
Namsos Lufthavn;SN72580;2023-05-31;9.2;6.3;5
Namsos Lufthavn;SN72580;2023-06-01;6.4;5.1;3.3
Namsos Lufthavn;SN72580;2023-06-02;10;7.2;4.9
Namsos Lufthavn;SN72580;2023-06-03;8.2;7.2;6.6
Namsos Lufthavn;SN72580;2023-06-04;9.1;7.8;5.9
Namsos Lufthavn;SN72580;2023-06-05;10.7;7.9;5.5
Namsos Lufthavn;SN72580;2023-06-06;9.3;7.6;5.5
Namsos Lufthavn;SN72580;2023-06-07;9.8;8.1;6.3
Namsos Lufthavn;SN72580;2023-06-08;11.1;8.1;6.1
Namsos Lufthavn;SN72580;2023-06-09;21.6;12.6;1.5
Namsos Lufthavn;SN72580;2023-06-10;22.8;15.3;7
Namsos Lufthavn;SN72580;2023-06-11;22.8;13.9;8.3
Namsos Lufthavn;SN72580;2023-06-12;22.1;15.9;10.6
Namsos Lufthavn;SN72580;2023-06-13;17.4;13.6;11.8
Namsos Lufthavn;SN72580;2023-06-14;20.3;12.7;5.7
Namsos Lufthavn;SN72580;2023-06-15;20.3;13.2;5.9
Namsos Lufthavn;SN72580;2023-06-16;20.3;14;7.7
Namsos Lufthavn;SN72580;2023-06-17;21.4;15.4;8.4
Namsos Lufthavn;SN72580;2023-06-18;30.6;20.3;10
Namsos Lufthavn;SN72580;2023-06-19;27.3;22.6;15.3
Namsos Lufthavn;SN72580;2023-06-20;26.3;20.9;19
Namsos Lufthavn;SN72580;2023-06-21;28.8;22.1;13.3
Namsos Lufthavn;SN72580;2023-06-22;27.3;15.5;13.7
Namsos Lufthavn;SN72580;2023-06-23;16;11.6;10.5
Namsos Lufthavn;SN72580;2023-06-24;16.7;12.7;9
Namsos Lufthavn;SN72580;2023-06-25;24.7;16.8;7.9
Namsos Lufthavn;SN72580;2023-06-26;29.7;23.1;11.4
Namsos Lufthavn;SN72580;2023-06-27;27.3;19.2;16.1
Namsos Lufthavn;SN72580;2023-06-28;24.4;18.2;12
Namsos Lufthavn;SN72580;2023-06-29;21.5;14.3;13.5
Namsos Lufthavn;SN72580;2023-06-30;17.8;13.3;12.1
Namsos Lufthavn;SN72580;2023-07-01;22.6;15.5;11.2
Namsos Lufthavn;SN72580;2023-07-02;23.1;18;11.5
Namsos Lufthavn;SN72580;2023-07-03;19.9;13.3;12
Namsos Lufthavn;SN72580;2023-07-04;14.5;12.4;11.5
Namsos Lufthavn;SN72580;2023-07-05;17.4;13;7.5
Namsos Lufthavn;SN72580;2023-07-06;24.2;15.7;8.6
Namsos Lufthavn;SN72580;2023-07-07;21;15.2;12.9
Namsos Lufthavn;SN72580;2023-07-08;17;13.5;12.1
Namsos Lufthavn;SN72580;2023-07-09;23.2;15.7;8.7
Namsos Lufthavn;SN72580;2023-07-10;30.3;21.1;11.4
Namsos Lufthavn;SN72580;2023-07-11;28.4;21.5;14
Namsos Lufthavn;SN72580;2023-07-12;23.5;19.3;16.6
Namsos Lufthavn;SN72580;2023-07-13;19.8;16.3;15
Namsos Lufthavn;SN72580;2023-07-14;18.4;12.8;11.9
Namsos Lufthavn;SN72580;2023-07-15;23.1;16.4;8.1
Namsos Lufthavn;SN72580;2023-07-16;22.3;17.1;13.6
Namsos Lufthavn;SN72580;2023-07-17;17.3;15.1;12.7
Namsos Lufthavn;SN72580;2023-07-18;15.4;13.4;11.6
Namsos Lufthavn;SN72580;2023-07-19;17.8;13.3;10.2
Namsos Lufthavn;SN72580;2023-07-20;17.3;13.4;7.9
Namsos Lufthavn;SN72580;2023-07-21;14.4;12.5;11.6
Namsos Lufthavn;SN72580;2023-07-22;15.4;13.4;11.9
Namsos Lufthavn;SN72580;2023-07-23;15.1;13.3;11.3
Namsos Lufthavn;SN72580;2023-07-24;18.4;14.3;11.7
Namsos Lufthavn;SN72580;2023-07-25;22.4;15.2;7.9
Namsos Lufthavn;SN72580;2023-07-26;22.5;17.5;11.8
Namsos Lufthavn;SN72580;2023-07-27;22.9;16.5;13.2
Namsos Lufthavn;SN72580;2023-07-28;16.5;14.3;13.6
Namsos Lufthavn;SN72580;2023-07-29;14.4;13.4;12.2
Namsos Lufthavn;SN72580;2023-07-30;20.9;15.8;12.5
Namsos Lufthavn;SN72580;2023-07-31;23.8;17.1;10.3
Namsos Lufthavn;SN72580;2023-08-01;23;18.3;15.2
Namsos Lufthavn;SN72580;2023-08-02;20.4;17;12.6
Namsos Lufthavn;SN72580;2023-08-03;20.2;15.7;11.6
Namsos Lufthavn;SN72580;2023-08-04;17.2;13.8;12.2
Namsos Lufthavn;SN72580;2023-08-05;18.2;13.9;11.6
Namsos Lufthavn;SN72580;2023-08-06;18.3;14.5;11.6
Namsos Lufthavn;SN72580;2023-08-07;15.1;13;11.5
Namsos Lufthavn;SN72580;2023-08-08;27.1;20.4;13.5
Namsos Lufthavn;SN72580;2023-08-09;21.6;17.8;15.8
Namsos Lufthavn;SN72580;2023-08-10;20.5;15.4;12.3
Namsos Lufthavn;SN72580;2023-08-11;16.2;13;11.6
Namsos Lufthavn;SN72580;2023-08-12;18.8;14.6;9.8
Namsos Lufthavn;SN72580;2023-08-13;23.8;17.7;12.3
Namsos Lufthavn;SN72580;2023-08-14;20.2;15.5;14.1
Namsos Lufthavn;SN72580;2023-08-15;21.2;15.3;11.6
Namsos Lufthavn;SN72580;2023-08-16;18.7;14.3;13.2
Namsos Lufthavn;SN72580;2023-08-17;17;13.2;11.2
Namsos Lufthavn;SN72580;2023-08-18;23.6;-;7.5
Namsos Lufthavn;SN72580;2023-08-19;24.6;-;12.1
Namsos Lufthavn;SN72580;2023-08-20;22.3;17;15.5
Namsos Lufthavn;SN72580;2023-08-21;18.3;15.9;14.5
Namsos Lufthavn;SN72580;2023-08-22;18.9;15.3;13.9
Namsos Lufthavn;SN72580;2023-08-23;22.2;15;9.7
Namsos Lufthavn;SN72580;2023-08-24;18.1;14.4;12
Namsos Lufthavn;SN72580;2023-08-25;23.6;15.4;8.2
Namsos Lufthavn;SN72580;2023-08-26;20;17.6;14
Namsos Lufthavn;SN72580;2023-08-27;19.5;16.6;14.9
Namsos Lufthavn;SN72580;2023-08-28;18.3;15.1;14.1
Namsos Lufthavn;SN72580;2023-08-29;17.1;13.3;12.3
Namsos Lufthavn;SN72580;2023-08-30;18.1;11.9;8.2
Namsos Lufthavn;SN72580;2023-08-31;17.4;12.1;7.4
Namsos Lufthavn;SN72580;2023-09-01;16.9;13.7;9.8
Namsos Lufthavn;SN72580;2023-09-02;15.1;12.3;9.8
Namsos Lufthavn;SN72580;2023-09-03;14.3;11.7;9
Namsos Lufthavn;SN72580;2023-09-04;15;12.6;11.9
Namsos Lufthavn;SN72580;2023-09-05;13.4;10.8;8
Namsos Lufthavn;SN72580;2023-09-06;17.1;11.4;8.2
Namsos Lufthavn;SN72580;2023-09-07;20.2;13.7;7.5
Namsos Lufthavn;SN72580;2023-09-08;19.3;16.5;13.9
Namsos Lufthavn;SN72580;2023-09-09;24.6;17.9;14.9
Namsos Lufthavn;SN72580;2023-09-10;19.6;13.7;12.6
Namsos Lufthavn;SN72580;2023-09-11;21.5;15;9.7
Namsos Lufthavn;SN72580;2023-09-12;17.6;12.5;11.2
Namsos Lufthavn;SN72580;2023-09-13;12.1;8.7;7
Namsos Lufthavn;SN72580;2023-09-14;14.3;8;2.3
Namsos Lufthavn;SN72580;2023-09-15;16.9;11.7;8.6
Namsos Lufthavn;SN72580;2023-09-16;12.3;9.9;7.8
Namsos Lufthavn;SN72580;2023-09-17;13.2;9.5;6.3
Namsos Lufthavn;SN72580;2023-09-18;16.6;11.9;5.8
Namsos Lufthavn;SN72580;2023-09-19;18.1;13.3;10.1
Namsos Lufthavn;SN72580;2023-09-20;13.2;11.1;9.4
Namsos Lufthavn;SN72580;2023-09-21;13.8;10.9;9.3
Namsos Lufthavn;SN72580;2023-09-22;12.4;11.1;10.3
Namsos Lufthavn;SN72580;2023-09-23;15.4;9.8;6.2
Namsos Lufthavn;SN72580;2023-09-24;12.2;10.1;6.8
Namsos Lufthavn;SN72580;2023-09-25;17.6;12.3;6.7
Namsos Lufthavn;SN72580;2023-09-26;18.3;12.7;9.8
Namsos Lufthavn;SN72580;2023-09-27;13.2;11.3;8.5
Namsos Lufthavn;SN72580;2023-09-28;16.6;12.2;8.5
Namsos Lufthavn;SN72580;2023-09-29;15.9;11.2;10.5
Namsos Lufthavn;SN72580;2023-09-30;12.5;9.9;8.1
Namsos Lufthavn;SN72580;2023-10-01;10.2;8.6;8.1
Namsos Lufthavn;SN72580;2023-10-02;10.9;8.7;6.4
Namsos Lufthavn;SN72580;2023-10-03;13.8;9.8;7.8
Namsos Lufthavn;SN72580;2023-10-04;9.9;7.1;3.9
Namsos Lufthavn;SN72580;2023-10-05;7.4;3.4;0.7
Namsos Lufthavn;SN72580;2023-10-06;5.8;3.5;1.1
Namsos Lufthavn;SN72580;2023-10-07;5.4;4.1;-0.4
Namsos Lufthavn;SN72580;2023-10-08;6.2;4.3;3.3
Namsos Lufthavn;SN72580;2023-10-09;5.3;3.7;2.5
Namsos Lufthavn;SN72580;2023-10-10;8.6;6.4;4.1
Namsos Lufthavn;SN72580;2023-10-11;10.7;7.9;5.4
Namsos Lufthavn;SN72580;2023-10-12;8.4;6.1;3.5
Namsos Lufthavn;SN72580;2023-10-13;7.7;6.3;4
Namsos Lufthavn;SN72580;2023-10-14;7.1;3.7;0.6
Namsos Lufthavn;SN72580;2023-10-15;7.1;5.4;2.8
Namsos Lufthavn;SN72580;2023-10-17;5.7;3.3;2.3
Namsos Lufthavn;SN72580;2023-10-18;5.6;-0.5;-1.2
Namsos Lufthavn;SN72580;2023-10-19;2.4;0.1;-2.1
Namsos Lufthavn;SN72580;2023-10-20;0.3;-;-2.7
Namsos Lufthavn;SN72580;2021-05-14;-;12.7;6.1
Namsos Lufthavn;SN72580;2023-10-16;-;4.7;3.1
Namsos Lufthavn;SN72580;2023-02-16;-;-;1.1
Data er gyldig per 20.10.2023 (CC BY 4.0), Meteorologisk institutt (MET);;;;;
